StartDate,EndDate,MunicipalID,MunicipalityName,TaxRate
20040101,99991231,142,ABERDEEN,0.01
20020101,20110630,198,ADA,0.0115
20110701,99991231,198,ADA,0.0165
20020101,20121231,436,ADDYSTON,0.01
20130101,99991231,436,ADDYSTON,0.015
20100101,99991231,450,ADELPHI,0.01
20020101,20031231,1000,AKRON,0.02
20040101,20171231,1000,AKRON,0.0225
20180101,99991231,1000,AKRON,0.025
20200101,99991231,1154,ALEXANDRIA,0.01
20020101,99991231,1210,ALGER,0.01
20020101,20070630,1420,ALLIANCE,0.0175
20070701,99991231,1420,ALLIANCE,0.02
20020101,20070831,1588,ALVORDTON,0.01
20150901,99991231,1630,AMANDA,0.01
20020101,99991231,1672,AMBERLEY,0.02
20180701,20201231,1742,AMELIA,0.01
20210101,99991231,1742,AMELIA,0
20020101,99991231,1798,AMHERST,0.015
20140701,99991231,1938,AMSTERDAM,0.01
20020101,99991231,2050,ANDOVER,0.015
20020101,99991231,2092,ANNA,0.0175
20020101,99991231,2120,ANSONIA,0.01
20060912,99991231,2204,ANTWERP,0.01
20020101,99991231,2232,APPLE CREEK,0.01
20020101,20101231,2330,ARCANUM,0.005
20110101,99991231,2330,ARCANUM,0.01
20020101,20221231,2344,ARCHBOLD,0.015
20230101,99991231,2344,ARCHBOLD,0.018
20020101,99991231,2400,ARLINGTON,0.01
20020101,20021231,2428,ARLINGTON HEIGHTS,0.017
20030101,99991231,2428,ARLINGTON HEIGHTS,0.021
20020101,20161231,2568,ASHLAND,0.015
20170101,99991231,2568,ASHLAND,0.02
20160101,99991231,2582,ASHLEY,0.01
20020101,99991231,2638,ASHTABULA,0.018
20020101,20071231,2680,ASHVILLE,0.005
20080101,99991231,2680,ASHVILLE,0.01
20020101,20031231,2736,ATHENS,0.0175
20040101,20101231,2736,ATHENS,0.0165
20110101,20111231,2736,ATHENS,0.0175
20120101,20161231,2736,ATHENS,0.0165
20170101,20221231,2736,ATHENS,0.0185
20230101,99991231,2736,ATHENS,0.0195
20020101,20030331,3086,AURORA,0.01
20030401,99991231,3086,AURORA,0.02
20020101,20071231,3352,AVON,0.015
20080101,99991231,3352,AVON,0.0175
20020101,99991231,3464,AVON LAKE,0.015
20020101,20151231,3744,BALTIC,0.01
20160101,99991231,3744,BALTIC,0.015
20020101,99991231,3758,BALTIMORE,0.01
20020101,20131231,3828,BARBERTON,0.02
20140101,99991231,3828,BARBERTON,0.0225
20020101,99991231,3926,BARNESVILLE,0.01
20020101,99991231,4150,BATAVIA,0.01
20020101,99991231,4416,BAY VILLAGE,0.015
20020101,99991231,4458,BEACH CITY,0.01
20020101,20101231,4500,BEACHWOOD,0.015
20110101,99991231,4500,BEACHWOOD,0.02
20100101,99991231,4752,BEAVERDAM,0.01
20020101,20171231,4878,BEDFORD,0.0225
20180101,99991231,4878,BEDFORD,0.03
20020101,99991231,4920,BEDFORD HEIGHTS,0.02
20020101,99991231,5074,BELLAIRE,0.01
20020101,99991231,5116,BELLE CENTER,0.01
20020101,99991231,5130,BELLEFONTAINE,0.01333
20020101,20180630,5228,BELLEVUE,0.015
20180701,99991231,5228,BELLEVUE,0.02
20020101,99991231,5284,BELLVILLE,0.01
20020101,99991231,5424,BELPRE,0.01
20020101,99991231,5550,BENTLEYVILLE,0.01
20020101,99991231,5690,BEREA,0.02
20160101,20181202,6068,BETHEL,0.005
20190701,99991231,6068,BETHEL,0.005
20070101,99991231,6194,BETTSVILLE,0.01
20020101,20221231,6222,BEVERLY,0.01
20230101,99991231,6222,BEVERLY,0.0125
20020101,20111231,6278,BEXLEY,0.02
20120101,99991231,6278,BEXLEY,0.025
20020101,99991231,7062,BLOOMDALE,0.01
20120101,99991231,7202,BLOOMINGDALE,0.01
20190101,99991231,7286,BLOOMVILLE,0.01
20020101,20061231,7300,BLUE ASH,0.01
20070101,99991231,7300,BLUE ASH,0.0125
20020101,20051231,7426,BLUFFTON,0.01
20060101,99991231,7426,BLUFFTON,0.0125
20020101,99991231,7594,BOLIVAR,0.01
20020101,20041231,7790,BOSTON HEIGHTS,0.015
20050101,99991231,7790,BOSTON HEIGHTS,0.02
20020101,99991231,7832,BOTKINS,0.015
20020101,99991231,7916,BOWERSTON,0.01
20020101,20101231,7972,BOWLING GREEN,0.0192
20110101,99991231,7972,BOWLING GREEN,0.02
20020101,99991231,8084,BRADFORD,0.01
20020101,99991231,8112,BRADNER,0.01
20020101,20170714,8168,BRADY LAKE,0.01
20020101,20190531,8336,BRATENAHL,0.015
20190601,99991231,8336,BRATENAHL,0.02
20020101,99991231,8364,BRECKSVILLE,0.02
20020101,99991231,8392,BREMEN,0.01
20020101,20101231,8504,BREWSTER,0.0133
20110101,20161231,8504,BREWSTER,0.01
20170101,20191231,8504,BREWSTER,0.015
20200101,99991231,8504,BREWSTER,0.02
20020101,20071231,8532,BRICE,0.01
20080101,99991231,8532,BRICE,0.02
20190801,99991231,8560,BRIDGEPORT,0.01
20020101,99991231,9064,BROADVIEW HEIGHTS,0.02
20020101,99991231,9288,BROOK PARK,0.02
20020101,20090531,9246,BROOKLYN,0.02
20090601,99991231,9246,BROOKLYN,0.025
20020101,20180630,9274,BROOKLYN HEIGHTS,0.02
20180701,99991231,9274,BROOKLYN HEIGHTS,0.025
20020101,20151231,9358,BROOKVILLE,0.0175
20160101,99991231,9358,BROOKVILLE,0.02
20020101,20091231,9680,BRUNSWICK,0.0135
20100101,20171231,9680,BRUNSWICK,0.0185
20180101,99991231,9680,BRUNSWICK,0.02
20020101,20051231,9792,BRYAN,0.015
20060101,99991231,9792,BRYAN,0.018
20130701,99991231,9974,BUCKLAND,0.01
20020101,20131231,10030,BUCYRUS,0.015
20140101,99991231,10030,BUCYRUS,0.02
20220701,99991231,10254,BURBANK,0.01
20020101,99991231,10436,BURTON,0.01
20020101,99991231,10632,BUTLER,0.01
20020101,99991231,10716,BYESVILLE,0.01
20020101,99991231,10800,CADIZ,0.01
20060401,20070630,10884,CAIRO,0.01
20070701,99991231,10884,CAIRO,0.005
20120101,20131231,10940,CALDWELL,0.01
20140101,20171231,10940,CALDWELL,0
20180101,99991231,10940,CALDWELL,0.01
20020101,20021231,10996,CAMBRIDGE,0.012
20030101,20091231,10996,CAMBRIDGE,0.015
20100101,99991231,10996,CAMBRIDGE,0.02
20140101,99991231,11024,CAMDEN,0.01
20020101,99991231,11066,CAMPBELL,0.025
20020101,20031231,11304,CANAL FULTON,0.01
20040101,20071231,11304,CANAL FULTON,0.011
20080101,20191231,11304,CANAL FULTON,0.015
20200101,99991231,11304,CANAL FULTON,0.02
20020101,99991231,11332,CANAL WINCHESTER,0.02
20020101,99991231,11360,CANFIELD,0.01
20020101,20180630,12000,CANTON,0.02
20180701,99991231,12000,CANTON,0.025
20020101,99991231,12084,CARDINGTON,0.01
20020101,99991231,12112,CAREY,0.015
20020101,99991231,12168,CARLISLE,0.015
20020101,99991231,12252,CARROLL,0.0075
20020101,99991231,12280,CARROLLTON,0.01
20020101,20021231,12504,CASTINE,0.01
20030101,99991231,12504,CASTINE,0
20020101,99991231,12560,CATAWBA,0.01
20040101,99991231,12700,CECIL,0.01
20020101,20150630,12784,CEDARVILLE,0.01
20150701,99991231,12784,CEDARVILLE,0.0125
20020101,20101231,12868,CELINA,0.01
20110101,99991231,12868,CELINA,0.015
20020101,99991231,13036,CENTERBURG,0.01
20020101,20161231,13190,CENTERVILLE,0.0175
20170101,99991231,13190,CENTERVILLE,0.0225
20020101,20161231,13358,CHAGRIN FALLS,0.015
20170101,99991231,13358,CHAGRIN FALLS,0.0185
20020101,20041231,13554,CHARDON,0.01
20050101,99991231,13554,CHARDON,0.02
20180701,99991231,14114,CHESTERVILLE,0.01
20020101,99991231,14128,CHEVIOT,0.02
20020101,20151231,14184,CHILLICOTHE,0.016
20160101,99991231,14184,CHILLICOTHE,0.02
20020101,20201001,15000,CINCINNATI,0.021
20201001,99991231,15000,CINCINNATI,0.018
20020101,20141231,15070,CIRCLEVILLE,0.015
20150101,20191231,15070,CIRCLEVILLE,0.02
20200101,99991231,15070,CIRCLEVILLE,0.025
20160701,99991231,15406,CLARKSVILLE,0.01
20020101,99991231,15588,CLAY CENTER,0.015
20040101,99991231,15644,CLAYTON,0.015
20020101,20161231,16000,CLEVELAND,0.02
20170101,99991231,16000,CLEVELAND,0.025
20020101,20151231,16014,CLEVELAND HEIGHTS,0.02
20160101,99991231,16014,CLEVELAND HEIGHTS,0.0225
20120101,99991231,16182,CLINTON,0.01
20020101,99991231,16308,CLYDE,0.015
20020101,99991231,16378,COAL GROVE,0.01
20020101,99991231,16532,COLDWATER,0.01
20020101,99991231,17036,COLUMBIANA,0.01
20020101,20090930,18000,COLUMBUS,0.02
20091001,99991231,18000,COLUMBUS,0.025
20020101,20031231,18014,COLUMBUS GROVE,0.01
20040101,99991231,18014,COLUMBUS GROVE,0.0125
20090101,20151231,18070,COMMERCIAL POINT,0.01
20160101,99991231,18070,COMMERCIAL POINT,0.0075
20150101,20181231,18266,CONESVILLE,0.01
20190101,99991231,18266,CONESVILLE,0.005
20020101,20051231,18350,CONNEAUT,0.0165
20060101,20121231,18350,CONNEAUT,0.018
20130101,99991231,18350,CONNEAUT,0.0165
20120101,99991231,18504,CONTINENTAL,0.01
20020101,99991231,18546,CONVOY,0.01
20020101,20041231,18840,CORWIN,0.01
20050101,99991231,18840,CORWIN,0.005
20020101,20050531,18868,COSHOCTON,0.01
20050601,20150630,18868,COSHOCTON,0.015
20150701,99991231,18868,COSHOCTON,0.02
20020101,99991231,19050,COVINGTON,0.015
20020101,99991231,19330,CRESTLINE,0.02
20020101,20061120,19344,CRESTON,0.01
20061121,20080203,19344,CRESTON,0
20080204,99991231,19344,CRESTON,0.01
20040401,20210630,19400,CRIDERSVILLE,0.01
20210701,99991231,19400,CRIDERSVILLE,0.015
20020101,99991231,19456,CROOKSVILLE,0.015
20020101,99991231,19778,CUYAHOGA FALLS,0.02
20020101,20021231,19806,CUYAHOGA HEIGHTS,0.015
20030101,20161231,19806,CUYAHOGA HEIGHTS,0.02
20170101,99991231,19806,CUYAHOGA HEIGHTS,0.025
20020101,99991231,19820,CYGNET,0.01
20020101,99991231,19974,DALTON,0.01
20020101,20151231,20114,DANVILLE,0.01
20160101,99991231,20114,DANVILLE,0.015
20161001,99991231,20212,DARBYVILLE,0.01
20020101,20161231,21000,DAYTON,0.0225
20170101,99991231,21000,DAYTON,0.025
20020101,99991231,21378,DE GRAFF,0.01
20020101,99991231,21266,DEER PARK,0.015
20020101,20050531,21308,DEFIANCE,0.013
20050601,20131231,21308,DEFIANCE,0.015
20140101,99991231,21308,DEFIANCE,0.018
20020101,20081231,21434,DELAWARE,0.014
20090101,20101231,21434,DELAWARE,0.0155
20110101,99991231,21434,DELAWARE,0.0185
20010101,99991231,21560,DELLROY,0
20020101,20140630,21602,DELPHOS,0.015
20140701,99991231,21602,DELPHOS,0.0175
20020101,99991231,21616,DELTA,0.015
20020101,99991231,21714,DENNISON,0.02
20020101,20050112,21812,DESHLER,0.005
20050113,20081231,21812,DESHLER,0.01
20090101,20141231,21812,DESHLER,0.0075
20150101,99991231,21812,DESHLER,0.01
20020101,20061231,22456,DOVER,0.01
20070101,99991231,22456,DOVER,0.015
20020101,20071231,22568,DOYLESTOWN,0.015
20080101,99991231,22568,DOYLESTOWN,0.02
20020101,99991231,22610,DRESDEN,0.01
20020101,99991231,22694,DUBLIN,0.02
20020101,99991231,22946,DUNKIRK,0.01
20020101,20031231,23324,EAST CANTON,0.01
20040101,99991231,23324,EAST CANTON,0.015
20020101,99991231,23380,EAST CLEVELAND,0.02
20020101,99991231,23730,EAST LIVERPOOL,0.015
20020101,20191231,23940,EAST PALESTINE,0.01
20200101,99991231,23940,EAST PALESTINE,0.015
20020101,99991231,23618,EASTLAKE,0.02
20020101,99991231,24234,EATON,0.015
20020101,20141231,24486,EDGERTON,0.01
20150101,99991231,24486,EDGERTON,0.0175
20090101,99991231,24598,EDISON,0.005
20020101,20031231,24640,EDON,0.01
20040101,20201231,24640,EDON,0.015
20210101,99991231,24640,EDON,0.0175
20060401,99991231,24808,ELIDA,0.0075
20020101,20051231,25144,ELMORE,0.01
20060101,99991231,25144,ELMORE,0.0175
20020101,99991231,25186,ELMWOOD PLACE,0.02
20020101,20160630,25256,ELYRIA,0.0175
20160701,99991231,25256,ELYRIA,0.0225
20140801,99991231,25368,EMPIRE,0.01
20020101,99991231,25396,ENGLEWOOD,0.0175
20020101,99991231,25704,EUCLID,0.0285
20020101,20041231,25802,EVENDALE,0.009
20050101,99991231,25802,EVENDALE,0.012
20020101,20041231,25914,FAIRBORN,0.01
20050101,20201231,25914,FAIRBORN,0.015
20210101,99991231,25914,FAIRBORN,0.02
20020101,20040331,25942,FAIRFAX,0.0125
20040401,99991231,25942,FAIRFAX,0.0175
20020101,99991231,25970,FAIRFIELD,0.015
20020101,99991231,26166,FAIRLAWN,0.02
20020101,99991231,26306,FAIRPORT HARBOR,0.02
20020101,20050331,26446,FAIRVIEW PARK,0.015
20050401,99991231,26446,FAIRVIEW PARK,0.02
20020101,99991231,26656,FARMERSVILLE,0.01
20020101,99991231,26768,FAYETTE,0.015
20230101,99991231,26796,FAYETTEVILLE,0.01
20020101,99991231,26880,FELICITY,0.01
20020101,20091231,27048,FINDLAY,0.01
20100101,20121231,27048,FINDLAY,0.0125
20130101,99991231,27048,FINDLAY,0.01
20020101,99991231,27636,FOREST,0.0125
20020101,20070630,27706,FOREST PARK,0.01
20070701,99991231,27706,FOREST PARK,0.015
20020101,99991231,27818,FORT JENNINGS,0.01
20020101,99991231,27832,FORT LORAMIE,0.015
20020101,99991231,27902,FORT RECOVERY,0.01
20020101,99991231,28014,FOSTORIA,0.02
20020101,20110630,28476,FRANKLIN,0.015
20110701,99991231,28476,FRANKLIN,0.02
20020101,99991231,28574,FRAZEYSBURG,0.01
20120101,99991231,28616,FREDERICKSBURG,0.01
20020101,99991231,28658,FREDERICKTOWN,0.01
20170101,20170101,28798,FREEPORT,0.01
20020101,99991231,28826,FREMONT,0.015
20200101,99991231,29050,FULTON,0.01
20020101,20190630,29106,GAHANNA,0.015
20190701,99991231,29106,GAHANNA,0.025
20020101,99991231,29148,GALENA,0.01
20020101,20060630,29162,GALION,0.015
20060701,99991231,29162,GALION,0.02
20020101,99991231,29204,GALLIPOLIS,0.01
20020101,99991231,29246,GAMBIER,0.015
20020101,99991231,29428,GARFIELD HEIGHTS,0.02
20020101,20071231,29442,GARRETTSVILLE,0.015
20080101,99991231,29442,GARRETTSVILLE,0.0175
20020101,99991231,29498,GATES MILLS,0.01
20020101,99991231,29610,GENEVA,0.015
20020101,20120831,29652,GENEVA-ON-THE-LAKE,0.01
20120901,99991231,29652,GENEVA-ON-THE-LAKE,0.015
20020101,99991231,29722,GENOA,0.015
20020101,20131231,29778,GEORGETOWN,0.005
20140101,99991231,29778,GEORGETOWN,0.01
20020101,20181231,29932,GERMANTOWN,0.0125
20190101,99991231,29932,GERMANTOWN,0.015
20170101,99991231,29974,GETTYSBURG,0.01
20020101,99991231,30072,GIBSONBURG,0.01
20020101,99991231,30198,GIRARD,0.02
20020101,99991231,30282,GLANDORF,0.015
20020101,99991231,30632,GLENWILLOW,0.02
20020101,99991231,30702,GNADENHUTTEN,0.015
20020101,99991231,30786,GOLF MANOR,0.017
20020101,99991231,31150,GRAFTON,0.015
20020101,99991231,31206,GRAND RAPIDS,0.01
20020101,99991231,31234,GRAND RIVER,0.02
99991231,99991231,31262,GRANDVIEW,0
20020101,20050630,31304,GRANDVIEW HEIGHTS,0.02
20050701,20081231,31304,GRANDVIEW HEIGHTS,0.025
20090101,20100630,31304,GRANDVIEW HEIGHTS,0.0225
20100701,99991231,31304,GRANDVIEW HEIGHTS,0.025
20020101,99991231,31402,GRANVILLE,0.015
20140101,99991231,31472,GRATIS,0.01
20020101,20031231,31860,GREEN,0.01
20040101,99991231,31860,GREEN,0.02
20020101,99991231,32256,GREEN SPRINGS,0.01
20020101,99991231,32088,GREENFIELD,0.01625
20020101,20051231,32158,GREENHILLS,0.01
20060101,99991231,32158,GREENHILLS,0.015
20020101,20041231,32340,GREENVILLE,0.01
20050101,99991231,32340,GREENVILLE,0.015
20020101,99991231,32368,GREENWICH,0.01
20020101,99991231,32592,GROVE CITY,0.02
20020101,99991231,32606,GROVEPORT,0.02
20020101,99991231,33012,HAMILTON,0.02
20020101,99991231,33096,HAMLER,0.01
20170101,99991231,33292,HANOVER,0.01
20020101,99991231,33740,HARRISBURG,0.01
20020101,99991231,33838,HARRISON,0.01
20120101,99991231,34118,HARROD,0.01
20020101,99991231,34328,HARTVILLE,0.01
20020101,99991231,34412,HASKINS,0.01
20020101,20171231,34748,HEATH,0.015
20180101,99991231,34748,HEATH,0.02
20020101,20090630,34790,HEBRON,0.01
20090701,99991231,34790,HEBRON,0.015
20210101,99991231,34860,HELENA,0.01
20020101,99991231,35098,HICKSVILLE,0.01
20020101,20061231,35252,HIGHLAND HEIGHTS,0.015
20070101,99991231,35252,HIGHLAND HEIGHTS,0.02
20020101,99991231,35255,HIGHLAND HILLS,0.025
20020101,20211231,35476,HILLIARD,0.02
20220101,99991231,35476,HILLIARD,0.025
20020101,99991231,35560,HILLSBORO,0.015
20020101,20180630,35658,HIRAM,0.02
20180701,99991231,35658,HIRAM,0.0225
20020101,99991231,35854,HOLGATE,0.01
20020101,99991231,35882,HOLLAND,0.0225
20020101,99991231,36260,HOPEDALE,0.01
20020101,20041231,36582,HUBBARD,0.01
20050101,99991231,36582,HUBBARD,0.015
20020101,20051231,36610,HUBER HEIGHTS,0.0195
20060101,20081231,36610,HUBER HEIGHTS,0.0225
20090101,20141231,36610,HUBER HEIGHTS,0.02
20150101,99991231,36610,HUBER HEIGHTS,0.0225
20020101,20041231,36651,HUDSON,0.01
20050101,99991231,36651,HUDSON,0.02
20020101,20021231,36918,HUNTING VALLEY,0.0075
20030101,99991231,36918,HUNTING VALLEY,0
20020101,99991231,36988,HUNTSVILLE,0.01
20020101,99991231,37016,HURON,0.01
20020101,99991231,37240,INDEPENDENCE,0.02
20060101,20111231,76582,INDIAN HILL,0.004
20120101,20141231,76582,INDIAN HILL,0.006
20150101,20151231,76582,INDIAN HILL,0.00575
20160101,20171231,76582,INDIAN HILL,0.0055
20180101,99991231,76582,INDIAN HILL,0.00525
20020101,99991231,37464,IRONTON,0.01
20180701,20181124,37842,JACKSON,0.01
20210101,99991231,37842,JACKSON,0.015
20020101,99991231,38220,JACKSON CENTER,0.015
20020101,99991231,38374,JAMESTOWN,0.005
20020101,20050630,38500,JEFFERSON,0.01
20050701,99991231,38500,JEFFERSON,0.015
20020101,99991231,38920,JEFFERSONVILLE,0.01
20220101,99991231,38948,JENERA,0.01
20140101,20140101,39060,JEROMESVILLE,0
20130101,99991231,39074,JERRY CITY,0.01
20020101,99991231,39172,JEWETT,0.01
20020101,99991231,39340,JOHNSTOWN,0.01
20020101,99991231,39536,KALIDA,0.01
20020101,20131231,39872,KENT,0.02
20140101,99991231,39872,KENT,0.0225
20020101,99991231,39886,KENTON,0.015
20020101,20061231,40040,KETTERING,0.0175
20070101,99991231,40040,KETTERING,0.0225
20090101,20121231,40054,KETTLERSVILLE,0.01
20130101,99991231,40054,KETTLERSVILLE,0
20100101,99991231,40180,KILLBUCK,0.01
20020101,99991231,40558,KIRBY,0.01
20170701,99991231,40572,KIRKERSVILLE,0.01
20020101,99991231,40642,KIRTLAND,0.02
20020101,99991231,41230,LAGRANGE,0.015
20120101,99991231,41398,LAKELINE,0.01
20020101,20171231,41454,LAKEMORE,0.02
20180101,99991231,41454,LAKEMORE,0.0225
20020101,20151231,41608,LAKEVIEW,0.01
20160101,99991231,41608,LAKEVIEW,0.015
20020101,99991231,41664,LAKEWOOD,0.015
20020101,20050630,41720,LANCASTER,0.016
20050701,20201231,41720,LANCASTER,0.0175
20210101,20221231,41720,LANCASTER,0.022
20230101,99991231,41720,LANCASTER,0.023
20210101,99991231,41986,LATTY,0.01
20020101,99991231,42364,LEBANON,0.01
20020101,20041231,42476,LEESBURG,0.005
20050101,99991231,42476,LEESBURG,0.01
20020101,99991231,42560,LEETONIA,0.015
20020101,99991231,42602,LEIPSIC,0.015
20020101,20151231,42938,LEWISBURG,0.015
20160101,99991231,42938,LEWISBURG,0.0175
20020101,99991231,42994,LEXINGTON,0.01
20020101,99991231,43414,LIBERTY CENTER,0.01
20020101,99991231,43554,LIMA,0.015
20020101,99991231,43722,LINCOLN HEIGHTS,0.02
20020101,99991231,43918,LINNDALE,0.02
20020101,20191231,44030,LISBON,0.015
20200101,99991231,44030,LISBON,0.02
20020101,20141231,44086,LITHOPOLIS,0.01
20150101,20191231,44086,LITHOPOLIS,0.015
20200101,99991231,44086,LITHOPOLIS,0.01
20020101,99991231,44310,LOCKBOURNE,0.01
20220101,99991231,44352,LOCKINGTON,0.01
20020101,99991231,44366,LOCKLAND,0.021
20180101,99991231,44604,LODI,0.01
20020101,20151231,44632,LOGAN,0.015
20160101,99991231,44632,LOGAN,0.02
20020101,20130630,44674,LONDON,0.01
20130701,99991231,44674,LONDON,0.015
20020101,20050228,44856,LORAIN,0.0175
20050301,20121231,44856,LORAIN,0.02
20130101,99991231,44856,LORAIN,0.025
20020101,20060630,44912,LORDSTOWN,0.005
20060701,99991231,44912,LORDSTOWN,0.01
20020101,99991231,45066,LOUDONVILLE,0.0175
20020101,99991231,45094,LOUISVILLE,0.02
20020101,99991231,45108,LOVELAND,0.01
20020101,20101231,45178,LOWELLVILLE,0.015
20110101,99991231,45178,LOWELLVILLE,0.02
20020101,99991231,45332,LUCKEY,0.01
20020101,20141231,45556,LYNDHURST,0.015
20150101,99991231,45556,LYNDHURST,0.02
20161101,99991231,45626,LYONS,0.01
20020101,20101231,45976,MACEDONIA,0.02
20110101,20131231,45976,MACEDONIA,0.0225
20140101,20170630,45976,MACEDONIA,0.02
20170701,20181231,45976,MACEDONIA,0.0225
20190101,99991231,45976,MACEDONIA,0.025
20020101,99991231,46312,MADEIRA,0.01
20020101,99991231,46480,MADISON,0.01
20040101,99991231,46872,MAINEVILLE,0.01
20020101,99991231,46942,MALINTA,0.01
20020101,99991231,46970,MALTA,0.01
20020101,99991231,46998,MALVERN,0.01
20020101,20061231,47012,MANCHESTER,0.005
20070101,99991231,47012,MANCHESTER,0.01
20020101,20131231,47138,MANSFIELD,0.0175
20140101,99991231,47138,MANSFIELD,0.02
20020101,20220630,47180,MANTUA,0.015
20220701,99991231,47180,MANTUA,0.02
20020101,20070228,47306,MAPLE HEIGHTS,0.02
20070301,99991231,47306,MAPLE HEIGHTS,0.025
20020101,99991231,47474,MARBLE CLIFF,0.02
20161201,99991231,47558,MARENGO,0.01
20020101,99991231,47600,MARIEMONT,0.0125
20020101,20181231,47628,MARIETTA,0.017
20190101,99991231,47628,MARIETTA,0.0185
20020101,20121231,47754,MARION,0.0175
20130101,99991231,47754,MARION,0.02
20020101,99991231,48048,MARSHALLVILLE,0.01
20020101,20141231,48104,MARTINS FERRY,0.0075
20150101,99991231,48104,MARTINS FERRY,0.01
20020101,20100630,48160,MARYSVILLE,0.01
20100701,99991231,48160,MARYSVILLE,0.015
20020101,20121231,48188,MASON,0.01
20130101,99991231,48188,MASON,0.0112
20020101,20161231,48244,MASSILLON,0.018
20170101,99991231,48244,MASSILLON,0.02
20020101,99991231,48342,MAUMEE,0.015
20020101,20100630,48468,MAYFIELD,0.015
20100701,99991231,48468,MAYFIELD,0.02
20020101,20200630,48482,MAYFIELD HEIGHTS,0.01
20200701,99991231,48482,MAYFIELD HEIGHTS,0.015
20020101,99991231,45794,MCCLURE,0.01
20020101,99991231,45808,MCCOMB,0.01
20020101,99991231,45822,MCCONNELSVILLE,0.01
20020101,99991231,45934,MCDONALD,0.02
20020101,99991231,46046,MCGUFFEY,0.01
20020101,99991231,48706,MECHANICSBURG,0.01
20020101,20031231,48790,MEDINA,0.005
20040101,99991231,48790,MEDINA,0.0125
20100101,99991231,49000,MELROSE,0.01
20020101,99991231,49042,MENDON,0
20020101,99991231,49056,MENTOR,0.02
20020101,99991231,49098,MENTOR-ON-THE-LAKE,0.02
20020101,99991231,49238,METAMORA,0.01
20020101,20101231,49434,MIAMISBURG,0.0175
20110101,99991231,49434,MIAMISBURG,0.0225
20020101,99991231,49728,MIDDLE POINT,0.015
20020101,20061231,49644,MIDDLEBURG HEIGHTS,0.0175
20070101,99991231,49644,MIDDLEBURG HEIGHTS,0.02
20020101,20181231,49700,MIDDLEFIELD,0.01
20190101,99991231,49700,MIDDLEFIELD,0.0125
20020101,99991231,49756,MIDDLEPORT,0.01
20020101,20071231,49840,MIDDLETOWN,0.015
20080101,20201231,49840,MIDDLETOWN,0.0175
20210101,99991231,49840,MIDDLETOWN,0.02
20020101,20210630,49966,MIDVALE,0.01
20210701,99991231,49966,MIDVALE,0.015
20110101,20191231,50036,MIFFLIN,0.01
20020101,20100630,50134,MILAN,0.005
20100701,99991231,50134,MILAN,0.01
20020101,99991231,50176,MILFORD,0.01
20020101,99991231,50218,MILFORD CENTER,0.01
20020101,99991231,50260,MILLBURY,0.015
20110101,99991231,50358,MILLER CITY,0.01
20020101,20121231,50372,MILLERSBURG,0.01
20130101,99991231,50372,MILLERSBURG,0.015
20160701,99991231,50400,MILLERSPORT,0.01
20020101,99991231,50764,MINERAL CITY,0.01
20020101,20021231,50834,MINERVA,0.0125
20030101,20041231,50834,MINERVA,0.01
20050101,20161231,50834,MINERVA,0.015
20170101,20201231,50834,MINERVA,0.0175
20210101,99991231,50834,MINERVA,0.015
20050101,20141231,50862,MINERVA PARK,0.01
20150101,99991231,50862,MINERVA PARK,0.02
20020101,20130630,50904,MINGO JUNCTION,0.02
20130701,20161231,50904,MINGO JUNCTION,0.01975
20170101,99991231,50904,MINGO JUNCTION,0.02
20020101,99991231,50918,MINSTER,0.015
20020101,20100630,51058,MOGADORE,0.02
20100701,20190630,51058,MOGADORE,0.0225
20190701,99991231,51058,MOGADORE,0.025
20020101,20060630,51310,MONROE,0.01
20060701,20171231,51310,MONROE,0.015
20180101,99991231,51310,MONROE,0.02
20020101,99991231,51618,MONROEVILLE,0.01
20020101,99991231,51716,MONTGOMERY,0.01
20020101,20111231,51772,MONTPELIER,0.015
20120101,99991231,51772,MONTPELIER,0.016
20020101,20041231,52010,MORAINE,0.015
20050101,20140630,52010,MORAINE,0.02
20140701,99991231,52010,MORAINE,0.025
20020101,99991231,52052,MORELAND HILLS,0.01
20131001,99991231,52276,MORRAL,0.01
20020101,99991231,52374,MORROW,0.01
20110701,20141231,52416,MOSCOW,0.01
20150101,99991231,52416,MOSCOW,0
20190101,99991231,52598,MOUNT BLANCHARD,0.01
20160101,99991231,52668,MOUNT CORY,0.01
20020101,99991231,52682,MOUNT EATON,0.01
20020101,20221231,52738,MOUNT GILEAD,0.01
20230101,99991231,52738,MOUNT GILEAD,0.0125
20020101,20141231,52752,MOUNT HEALTHY,0.015
20150101,99991231,52752,MOUNT HEALTHY,0.02
20020101,20181231,52906,MOUNT ORAB,0.01
20190101,99991231,52906,MOUNT ORAB,0.0135
20020101,99991231,53046,MOUNT STERLING,0.01
20020101,20171231,53102,MOUNT VERNON,0.015
20180101,99991231,53102,MOUNT VERNON,0.02
20130601,99991231,53144,MOUNT VICTORY,0.01
20020101,20171231,53312,MUNROE FALLS,0.02
20180101,99991231,53312,MUNROE FALLS,0.0225
20020101,20090630,53550,NAPOLEON,0.012
20090701,99991231,53550,NAPOLEON,0.015
20220101,99991231,53634,NASHVILLE,0.01
20020101,20190630,53690,NAVARRE,0.015
20190701,99991231,53690,NAVARRE,0.0175
20020101,99991231,53886,NELSONVILLE,0.0175
20020101,20030630,53970,NEW ALBANY,0.01
20030701,99991231,53970,NEW ALBANY,0.02
20110701,99991231,54110,NEW BAVARIA,0.01
20020101,20020630,54152,NEW BLOOMINGTON,0
20020701,99991231,54152,NEW BLOOMINGTON,0.01
20020101,99991231,54166,NEW BOSTON,0.025
20020101,99991231,54194,NEW BREMEN,0.015
20020101,20150630,54334,NEW CARLISLE,0.01
20150701,99991231,54334,NEW CARLISLE,0.015
20020101,20141231,54446,NEW CONCORD,0.01
20150101,99991231,54446,NEW CONCORD,0.015
20050901,20161231,54562,NEW FRANKLIN,0.01
20170101,99991231,54562,NEW FRANKLIN,0.02
20020101,99991231,54838,NEW KNOXVILLE,0.015
20020101,99991231,54852,NEW LEBANON,0.01
20020101,99991231,54866,NEW LEXINGTON,0.01
20020101,20101231,54908,NEW LONDON,0.01
20110101,99991231,54908,NEW LONDON,0.015
20080101,99991231,54978,NEW MADISON,0.01
20020101,99991231,55104,NEW MIAMI,0.0175
20121001,99991231,55188,NEW PARIS,0.01
20020101,20050630,55216,NEW PHILADELPHIA,0.01
20050701,99991231,55216,NEW PHILADELPHIA,0.015
20100101,99991231,55384,NEW RICHMOND,0.01
20020101,99991231,55398,NEW RIEGEL,0.01
20020101,20030630,55776,NEW WASHINGTON,0.01
20030701,99991231,55776,NEW WASHINGTON,0.015
20030101,99991231,55790,NEW WATERFORD,0.01
20020101,99991231,54040,NEWARK,0.0175
20020101,99991231,54250,NEWBURGH HEIGHTS,0.02
20020101,99991231,54432,NEWCOMERSTOWN,0.02
20020101,99991231,55650,NEWTON FALLS,0.01
20170101,20210131,55664,NEWTONSVILLE,0.01
20210201,99991231,55664,NEWTONSVILLE,0
20020101,99991231,55678,NEWTOWN,0.01
20160101,99991231,55874,NEY,0.01
20020101,20160630,55916,NILES,0.015
20160701,99991231,55916,NILES,0.02
20020101,99991231,56154,NORTH BALTIMORE,0.01
20020101,99991231,56294,NORTH CANTON,0.015
20020101,20021231,56322,NORTH COLLEGE HILL,0.01
20030101,99991231,56322,NORTH COLLEGE HILL,0.015
20020101,20141231,56700,NORTH KINGSVILLE,0.01
20150101,99991231,56700,NORTH KINGSVILLE,0.013
20020101,20221231,56770,NORTH LEWISBURG,0.01
20230101,99991231,56770,NORTH LEWISBURG,0.0175
20020101,99991231,56882,NORTH OLMSTED,0.02
20020101,99991231,56910,NORTH PERRY,0.01
20020101,20081231,56924,NORTH RANDALL,0.025
20090101,99991231,56924,NORTH RANDALL,0.0275
20020101,99991231,56966,NORTH RIDGEVILLE,0.01
20140101,99991231,56994,NORTH ROBINSON,0.01
20020101,20061231,57008,NORTH ROYALTON,0.01
20070101,99991231,57008,NORTH ROYALTON,0.02
20100701,99991231,57064,NORTH STAR,0.005
20020101,20041231,56448,NORTHFIELD,0.015
20050101,99991231,56448,NORTHFIELD,0.02
20020101,99991231,57190,NORTHWOOD,0.015
20020101,20041231,57260,NORTON,0.015
20050101,99991231,57260,NORTON,0.02
20020101,99991231,57302,NORWALK,0.015
20020101,99991231,57386,NORWOOD,0.02
20020101,99991231,57582,OAK HARBOR,0.01
20140401,99991231,57596,OAK HILL,0.005
20020101,20021231,57750,OAKWOOD (CUYAHOGA),0.02
20030101,20100630,57750,OAKWOOD (CUYAHOGA),0.02
20100701,99991231,57750,OAKWOOD (CUYAHOGA),0.025
20020101,20021231,57764,OAKWOOD (MONTGOMERY),0.025
20030101,99991231,57764,OAKWOOD (MONTGOMERY),0.025
20020101,20021231,57792,OAKWOOD (PAULDING),0.01
20030101,99991231,57792,OAKWOOD (PAULDING),0.01
20020101,20141231,57834,OBERLIN,0.019
20150101,99991231,57834,OBERLIN,0.025
20020101,20141231,57862,OBETZ,0.02
20150101,99991231,57862,OBETZ,0.025
20020101,99991231,57918,OCTA,0.01
20020101,99991231,58002,OHIO CITY,0.01
20020101,99991231,58422,OLMSTED FALLS,0.015
20020101,20091231,58520,ONTARIO,0.01
20100101,99991231,58520,ONTARIO,0.015
20020101,99991231,58604,ORANGE,0.02
20020101,99991231,58730,OREGON,0.0225
20020101,99991231,58828,ORRVILLE,0.01
20020101,20171231,58856,ORWELL,0.01
20180101,99991231,58856,ORWELL,0.015
20090701,99991231,58912,OSGOOD,0.01
20160901,99991231,58940,OSTRANDER,0.01
20020101,99991231,58982,OTTAWA,0.01
20020101,99991231,59010,OTTAWA HILLS,0.015
20020101,99991231,59052,OTTOVILLE,0.01
20050601,99991231,59220,OWENSVILLE,0.01
20020101,20101231,59234,OXFORD,0.0175
20110101,99991231,59234,OXFORD,0.02
20020101,99991231,59416,PAINESVILLE,0.02
20020101,99991231,59738,PANDORA,0.015
20020101,20061231,61000,PARMA,0.02
20070101,99991231,61000,PARMA,0.025
20020101,20041231,61028,PARMA HEIGHTS,0.02
20050101,99991231,61028,PARMA HEIGHTS,0.03
20100701,99991231,61112,PATASKALA,0.01
20140401,20181231,61182,PATTERSON,0.01
20190101,99991231,61182,PATTERSON,0.005
20020101,20131231,61252,PAULDING,0.005
20140101,20200630,61252,PAULDING,0.01
20200701,99991231,61252,PAULDING,0.011
20180901,99991231,61322,PAYNE,0.01
20020101,99991231,61504,PEMBERVILLE,0.01
20020101,20131231,61574,PENINSULA,0.01
20140101,99991231,61574,PENINSULA,0.02
20020101,99991231,61686,PEPPER PIKE,0.01
20020101,20141231,61882,PERRY,0.01
20150101,99991231,61882,PERRY,0.02
20020101,99991231,62148,PERRYSBURG,0.015
20020101,99991231,62190,PERRYSVILLE,0.01
20020101,99991231,62414,PHILLIPSBURG,0.015
20020101,99991231,62498,PICKERINGTON,0.01
20050901,99991231,62708,PIKETON,0.01
20020101,99991231,62834,PIONEER,0.01
20020101,20141231,62848,PIQUA,0.0175
20150101,99991231,62848,PIQUA,0.02
20190101,99991231,62890,PITSBURG,0.01
20020101,20160630,63030,PLAIN CITY,0.01
20160701,99991231,63030,PLAIN CITY,0.015
20040101,99991231,63534,PLEASANT HILL,0.0075
20131001,99991231,63716,PLEASANTVILLE,0.01
20020101,20071231,63800,PLYMOUTH,0.005
20080101,99991231,63800,PLYMOUTH,0.01
20020101,99991231,64024,POMEROY,0.01
20020101,99991231,64150,PORT CLINTON,0.015
20020101,20141231,64346,PORT WASHINGTON,0.01
20150101,99991231,64346,PORT WASHINGTON,0.015
20090101,99991231,64108,PORTAGE,0.01
20020101,20111231,64304,PORTSMOUTH,0.014
20120101,20151231,64304,PORTSMOUTH,0.02
20160101,99991231,64304,PORTSMOUTH,0.025
20020101,20211231,64486,POWELL,0.0075
20220101,99991231,64486,POWELL,0.02
20020101,20140630,64542,POWHATAN POINT,0.0075
20140701,99991231,64542,POWHATAN POINT,0.01
20100701,99991231,65200,QUINCY,0.01
20020101,20050228,65592,RAVENNA,0.018
20050301,20150630,65592,RAVENNA,0.02
20150701,20160430,65592,RAVENNA,0.0225
20160501,99991231,65592,RAVENNA,0.025
20020101,20051231,65732,READING,0.015
20060101,99991231,65732,READING,0.02
20020101,99991231,66152,REMINDERVILLE,0.015
20020101,20170630,66390,REYNOLDSBURG,0.015
20170701,99991231,66390,REYNOLDSBURG,0.025
20020101,99991231,66530,RICHFIELD,0.02
20020101,20130630,66894,RICHMOND HEIGHTS,0.02
20130701,99991231,66894,RICHMOND HEIGHTS,0.0225
20020101,20031231,66936,RICHWOOD,0.005
20040101,99991231,66936,RICHWOOD,0.01
20040101,99991231,67118,RIDGEWAY,0.005
20020101,20121231,67258,RIO GRANDE,0.01
20130101,99991231,67258,RIO GRANDE,0.015
20020101,99991231,67272,RIPLEY,0.01
20200101,99991231,67314,RISINGSUN,0.01
20020101,20211231,67356,RITTMAN,0.015
20220101,99991231,67356,RITTMAN,0.01
20020101,20211231,67468,RIVERSIDE,0.015
20220101,99991231,67468,RIVERSIDE,0.025
20020101,99991231,67846,ROCK CREEK,0.01
20020101,99991231,67874,ROCKFORD,0.01
20020101,20141231,68056,ROCKY RIVER,0.015
20150101,99991231,68056,ROCKY RIVER,0.02
20020101,99991231,68560,ROSEVILLE,0.01
20020101,99991231,68686,ROSSFORD,0.0225
20020101,99991231,68742,ROSWELL,0.01
20150101,99991231,69176,RUSHSYLVANIA,0.01
20050101,99991231,69302,RUSSELLS POINT,0.01
20020101,20040630,69344,RUSSIA,0.01
20040701,99991231,69344,RUSSIA,0.015
20230101,99991231,69358,RUTLAND,0.01
20020101,20021231,69400,SABINA,0.01
20030101,20040526,69400,SABINA,0
20040527,20041231,69400,SABINA,0.005
20050101,20170630,69400,SABINA,0.01
20170701,99991231,69400,SABINA,0.015
20020101,20151231,69834,SALEM,0.01
20160101,99991231,69834,SALEM,0.0125
20020101,99991231,70100,SALINEVILLE,0.01
20020101,20141231,70380,SANDUSKY,0.01
20150101,99991231,70380,SANDUSKY,0.0125
20020101,20071231,70534,SARDINIA,0.005
20080101,99991231,70534,SARDINIA,0.01
20020101,99991231,70814,SCIO,0.01
20020101,20061231,71220,SEBRING,0.015
20070101,99991231,71220,SEBRING,0.02
20020101,20161231,71416,SEVEN HILLS,0.02
20170101,99991231,71416,SEVEN HILLS,0.025
20020101,99991231,71486,SEVILLE,0.01
20020101,20120930,71682,SHAKER HEIGHTS,0.0175
20121001,99991231,71682,SHAKER HEIGHTS,0.0225
20020101,99991231,71892,SHARONVILLE,0.015
20020101,99991231,71976,SHAWNEE HILLS,0.02
20020101,99991231,71983,SHAWNEE HILLS,0
20020101,20020527,72060,SHEFFIELD,0.01
20020528,20090530,72060,SHEFFIELD,0.015
20090531,99991231,72060,SHEFFIELD,0.02
20020101,20031231,72088,SHEFFIELD LAKE,0.01
20040101,20060630,72088,SHEFFIELD LAKE,0.0125
20060701,20140630,72088,SHEFFIELD LAKE,0.015
20140701,99991231,72088,SHEFFIELD LAKE,0.02
20020101,20031231,72102,SHELBY,0.015
20040101,20061231,72102,SHELBY,0.01
20070101,20111231,72102,SHELBY,0.0125
20120101,20131231,72102,SHELBY,0.013
20140101,99991231,72102,SHELBY,0.015
20020101,99991231,72242,SHERRODSVILLE,0.01
20040701,99991231,72256,SHERWOOD,0.01
20020101,99991231,72396,SHREVE,0.01
20020101,20141231,72424,SIDNEY,0.015
20150101,20191231,72424,SIDNEY,0.0175
20200101,99991231,72424,SIDNEY,0.0165
20020101,99991231,72494,SILVER LAKE,0.02
20020101,20021231,72522,SILVERTON,0.01
20030101,99991231,72522,SILVERTON,0.0125
20170101,20201028,72760,SMITHFIELD,0.01
20201029,99991231,72760,SMITHFIELD,0
20020101,99991231,72788,SMITHVILLE,0.015
20020101,99991231,72928,SOLON,0.02
20230101,99991231,72977,SOMERSET,0.01
20020101,99991231,73040,SOUTH AMHERST,0.01
20020101,20050630,73068,SOUTH BLOOMFIELD,0.005
20050701,99991231,73068,SOUTH BLOOMFIELD,0.01
20020101,20171231,73124,SOUTH CHARLESTON,0.01
20180101,99991231,73124,SOUTH CHARLESTON,0.0125
20020101,20051231,73264,SOUTH EUCLID,0.015
20060101,99991231,73264,SOUTH EUCLID,0.02
20020101,99991231,73446,SOUTH LEBANON,0.01
20020101,20111231,73684,SOUTH RUSSELL,0.01
20120101,99991231,73684,SOUTH RUSSELL,0.0125
20020101,20081231,73768,SOUTH SOLON,0.01
20090101,20140630,73768,SOUTH SOLON,0
20140701,99991231,73768,SOUTH SOLON,0.01
20170101,99991231,73796,SOUTH VIENNA,0.01
20020101,20041231,73894,SOUTH ZANESVILLE,0.01
20050101,99991231,73894,SOUTH ZANESVILLE,0.015
20020101,20131231,74034,SPENCERVILLE,0.0125
20140101,99991231,74034,SPENCERVILLE,0.015
20020101,99991231,74076,SPRINGBORO,0.015
20020101,20040630,74104,SPRINGDALE,0.01
20040701,20190630,74104,SPRINGDALE,0.015
20190701,99991231,74104,SPRINGDALE,0.02
20020101,20170630,74118,SPRINGFIELD,0.02
20170701,99991231,74118,SPRINGFIELD,0.024
20020101,20050630,69470,ST. BERNARD,0.02
20050701,99991231,69470,ST. BERNARD,0.021
20110401,99991231,69526,ST. CLAIRSVILLE,0.0075
20020101,99991231,69540,ST. HENRY,0.01
20170101,99991231,69652,ST. LOUISVILLE,0.01
20020101,99991231,69680,ST. MARYS,0.015
20020101,99991231,69708,ST. PARIS,0.01
20020101,99991231,74608,STEUBENVILLE,0.02
20020101,99991231,74804,STONE CREEK,0.01
20180101,99991231,74916,STOUTSVILLE,0.01
20020101,99991231,74944,STOW,0.02
20020101,20141231,74958,STRASBURG,0.01
20150101,99991231,74958,STRASBURG,0.015
20080801,99991231,75000,STRATTON,0.01
20020101,20090527,75014,STREETSBORO,0.01
20090528,99991231,75014,STREETSBORO,0.02
20020101,99991231,75098,STRONGSVILLE,0.02
20020101,99991231,75126,STRUTHERS,0.02
20020101,99991231,75140,STRYKER,0.015
20020101,99991231,75252,SUGAR GROVE,0.0075
20020101,99991231,75210,SUGARCREEK,0.015
20020101,99991231,75602,SUNBURY,0.01
20020101,20171231,75896,SWANTON,0.0125
20180101,99991231,75896,SWANTON,0.015
20020101,99991231,75980,SYCAMORE,0.01
20020101,99991231,76022,SYLVANIA,0.015
20020101,20191231,76106,TALLMADGE,0.02
20200101,99991231,76106,TALLMADGE,0.0225
20100701,99991231,76764,THURSTON,0.01
20020101,20181231,76778,TIFFIN,0.0175
20190101,99991231,76778,TIFFIN,0.02
20020101,20201231,76834,TIMBERLAKE,0.01
20210101,99991231,76834,TIMBERLAKE,0.02
20020101,20021231,76876,TIPP CITY,0.01
20030101,20110630,76876,TIPP CITY,0.0125
20110701,99991231,76876,TIPP CITY,0.015
20130701,99991231,76932,TIRO,0.01
20020101,20201231,77000,TOLEDO,0.0225
20210101,99991231,77000,TOLEDO,0.025
20020101,99991231,77070,TONTOGANY,0.01
20020101,20051231,77112,TORONTO,0.015
20060101,99991231,77112,TORONTO,0.02
20090701,99991231,77308,TREMONT CITY,0.01
20020101,99991231,77322,TRENTON,0.015
20150701,99991231,77406,TRIMBLE,0.01
20020101,20221231,77504,TROTWOOD,0.0225
20230101,99991231,77504,TROTWOOD,0.0275
20020101,99991231,77588,TROY,0.0175
20020101,20221231,77924,TUSCARAWAS,0.01
20230101,99991231,77924,TUSCARAWAS,0.015
20020101,20091231,78050,TWINSBURG,0.02
20100101,20131231,78050,TWINSBURG,0.0225
20140101,99991231,78050,TWINSBURG,0.02
20020101,20170630,78176,UHRICHSVILLE,0.0175
20170701,99991231,78176,UHRICHSVILLE,0.02
20070101,20191231,78470,UNION,0.01
20200101,99991231,78470,UNION,0.015
20020101,99991231,78624,UNION CITY,0.01
20020101,20061231,78932,UNIVERSITY HEIGHTS,0.015
20070101,99991231,78932,UNIVERSITY HEIGHTS,0.025
20020101,20141231,79002,UPPER ARLINGTON,0.02
20150101,99991231,79002,UPPER ARLINGTON,0.025
20020101,99991231,79044,UPPER SANDUSKY,0.01
20020101,99991231,79072,URBANA,0.014
20020101,99991231,79100,URBANCREST,0.02
20020101,99991231,79114,UTICA,0.0175
20020101,99991231,79226,VALLEY HI,0.01
20020101,99991231,79268,VALLEY VIEW,0.02
20120101,20171231,79282,VALLEYVIEW,0.01
20020101,99991231,79562,VAN WERT,0.0172
20020101,20051231,79492,VANDALIA,0.0175
20060101,99991231,79492,VANDALIA,0.02
20160101,99991231,79534,VANLUE,0.01
20020101,20130531,79716,VERMILION,0.01
20130601,99991231,79716,VERMILION,0.015
20020101,99991231,79912,VERSAILLES,0.015
20020101,20111231,80304,WADSWORTH,0.013
20120101,99991231,80304,WADSWORTH,0.014
20020101,99991231,80458,WAKEMAN,0.01
20020101,99991231,80486,WALBRIDGE,0.015
20020101,20021231,80738,WALTON HILLS,0.01
20030101,20130630,80738,WALTON HILLS,0.02
20130701,99991231,80738,WALTON HILLS,0.025
20020101,20171231,80766,WAPAKONETA,0.01
20180101,99991231,80766,WAPAKONETA,0.015
20020101,20161231,80892,WARREN,0.02
20170101,99991231,80892,WARREN,0.025
20020101,20090630,80990,WARRENSVILLE HEIGHTS,0.02
20090701,99991231,80990,WARRENSVILLE HEIGHTS,0.026
20020101,20071231,81214,WASHINGTON,0.0125
20080101,20151231,81214,WASHINGTON,0.0145
20160101,99991231,81214,WASHINGTON,0.0195
20180101,20181126,81732,WASHINGTONVILLE,0.005
20200101,99991231,81732,WASHINGTONVILLE,0.005
20020101,99991231,81858,WATERVILLE,0.02
20020101,99991231,81928,WAUSEON,0.015
20020101,20031231,81942,WAVERLY CITY,0.005
20040101,99991231,81942,WAVERLY CITY,0.01
20150101,99991231,82334,WAYNE,0.0075
20190101,99991231,82348,WAYNE LAKES,0.01
20080101,99991231,82390,WAYNESFIELD,0.01
20100701,20151231,82418,WAYNESVILLE,0.01
20160101,20201231,82418,WAYNESVILLE,0.005
20210101,99991231,82418,WAYNESVILLE,0.0075
20020101,20181231,82642,WELLINGTON,0.01
20190101,99991231,82642,WELLINGTON,0.0175
20020101,20051130,82712,WELLSTON,0.0075
20051201,99991231,82712,WELLSTON,0.01
20020101,20171231,82740,WELLSVILLE,0.01
20180101,99991231,82740,WELLSVILLE,0.015
20020101,99991231,82880,WEST ALEXANDRIA,0.01
20020101,20041231,83111,WEST CARROLLTON CITY,0.0175
20050101,20131231,83111,WEST CARROLLTON CITY,0.02
20140101,99991231,83111,WEST CARROLLTON CITY,0.0225
20060101,99991231,83216,WEST ELKTON,0.01
20020101,99991231,83580,WEST JEFFERSON,0.01
20020101,20111231,83608,WEST LAFAYETTE,0.01
20120101,99991231,83608,WEST LAFAYETTE,0.015
20130701,99991231,83734,WEST LIBERTY,0.01
20130101,99991231,83818,WEST MANSFIELD,0.01
20200101,99991231,83888,WEST MILLGROVE,0.01
20020101,99991231,83902,WEST MILTON,0.015
20020101,20100930,84196,WEST SALEM,0.0075
20101001,99991231,84196,WEST SALEM,0.01
20020101,20071231,84294,WEST UNION,0.005
20080101,99991231,84294,WEST UNION,0.01
20020101,20031231,84308,WEST UNITY,0.01
20040101,99991231,84308,WEST UNITY,0.015
20020101,20081231,83342,WESTERVILLE,0.0125
20090101,99991231,83342,WESTERVILLE,0.02
20020101,99991231,83468,WESTFIELD CENTER,0.01
20020101,99991231,83622,WESTLAKE,0.015
20020101,99991231,83972,WESTON,0.01
20020101,20101231,84742,WHITEHALL,0.02
20110101,99991231,84742,WHITEHALL,0.025
20020101,99991231,84770,WHITEHOUSE,0.015
20020101,99991231,85036,WICKLIFFE,0.02
20020101,20030630,85232,WILLARD,0.0125
20030701,20070630,85232,WILLARD,0.015
20070701,20070930,85232,WILLARD,0.0125
20071001,20120930,85232,WILLARD,0.01375
20121001,20130630,85232,WILLARD,0.0125
20130701,99991231,85232,WILLARD,0.01375
20020101,99991231,85288,WILLIAMSBURG,0.01
20180101,99991231,85414,WILLIAMSPORT,0.005
20020101,99991231,85484,WILLOUGHBY,0.02
20020101,20101231,85512,WILLOUGHBY HILLS,0.015
20110101,99991231,85512,WILLOUGHBY HILLS,0.02
20020101,99991231,85638,WILLOWICK,0.02
20060101,99991231,85736,WILLSHIRE,0.01
20020101,20161231,85792,WILMINGTON,0.01
20170101,99991231,85792,WILMINGTON,0.015
20020101,20171231,85806,WILMOT,0.015
20180101,20201231,85806,WILMOT,0.0175
20210101,20221231,85806,WILMOT,0.015
20230101,99991231,85806,WILMOT,0.01
20020101,99991231,85946,WINDHAM,0.015
20020101,99991231,86184,WINTERSVILLE,0.01
20020101,20181231,86366,WOODLAWN,0.02
20190101,99991231,86366,WOODLAWN,0.023
20020101,20091231,86394,WOODMERE,0.02
20100101,99991231,86394,WOODMERE,0.025
20020101,99991231,86436,WOODSFIELD,0.01
20060701,99991231,86478,WOODSTOCK,0.01
20020101,20131231,86548,WOOSTER,0.01
20140101,99991231,86548,WOOSTER,0.015
20020101,20031231,86604,WORTHINGTON,0.0165
20040101,20100630,86604,WORTHINGTON,0.02
20100701,99991231,86604,WORTHINGTON,0.025
20020101,20041231,86730,WYOMING,0.005
20050101,20141231,86730,WYOMING,0.008
20150101,99991231,86730,WYOMING,0.01
20020101,20101231,86772,XENIA,0.0175
20110101,99991231,86772,XENIA,0.0225
20020101,99991231,86940,YELLOW SPRINGS,0.015
20210701,99991231,87164,YORKSHIRE,0.01
20020101,20021231,88000,YOUNGSTOWN,0.0225
20030101,99991231,88000,YOUNGSTOWN,0.0275
20020101,20061231,88084,ZANESVILLE,0.017
20070101,99991231,88084,ZANESVILLE,0.019
