NCES LEA ID,State ID,District Name,Mailing Address,City,State,Zip Code,Zip +4,Telephone
3900305,556,A+ Arts Academy,270 S Napoleon Ave,Columbus,OH,43213,4235,(614) 338-0767
3901480,13232,A+ Children's Academy,100 Obetz Rd,Columbus,OH,43207,4031,(614) 491-8502
3901472,13249,Academy for Urban Scholars Youngstown,1350 5th Ave Ste 100 106,Youngstown,OH,44504,1765,(330) 744-9070
3900594,8064,Academy of Arts and Sciences,3038 Leavitt Rd,Lorain,OH,44052,4112,(440) 244-0156
3901502,13195,Academy of Educational Excellence,4747 Heatherdowns Blvd.,Toledo,OH,43614,,(877) 644-6338
3901460,12624,Accelerated Achievement Academy of Cincinnati,415 W Court St,Cincinnati,OH,45203,1519,(513) 246-4102
3901362,11507,Achieve Career Preparatory Academy,301 Collingwood Blvd,Toledo,OH,43604,8624,(419) 243-8559
3904518,45187,Ada Exempted Village,725 W North Ave,Ada,OH,45810,1176,(419) 634-6421
3906190,61903,Adams County/Ohio Valley Local,141 Lloyd Rd,West Union,OH,45693,8974,(937) 544-5586
3904949,49494,Adena Local,3367 County Road 550,Frankfort,OH,45628,9503,(740) 998-4633
3904348,43489,Akron City,70 N Broadway St,Akron,OH,44308,1911,(330) 761-1661
3900152,149054,Akron Digital Academy,335 S Main St,Akron,OH,44308,1203,(330) 237-2232
3901503,13254,Akron Preparatory School,1200 E Market St Ste 3360,Akron,OH,44305,4018,(330) 612-5621
3901428,12060,Akros Middle School,265 Park St,Akron,OH,44304,1305,(330) 374-6704
3901515,14080,Aladdin Academy,585 E Livingston St,Celina,OH,45822,1742,(877) 644-6338
3901539,13994,"Albert Einstein Academy for Letters, Arts and Sciences-Ohio",3550 Crocker Rd,Westlake,OH,44145,6314,(877) 644-6338
3904590,45906,Alexander Local,6091 Ayers Rd,Albany,OH,45710,9492,(740) 698-8831
3904575,45757,Allen East Local,9105 Harding Hwy,Harrod,OH,45850,9485,(419) 648-3333
3900130,139,Alliance Academy of Cincinnati,1712 Duck Creek Rd,Cincinnati,OH,45207,1644,(513) 751-5555
3904349,43497,Alliance City,200 Glamorgan St,Alliance,OH,44601,2946,(330) 821-2100
3900203,143396,Alternative Education Academy,1830 Adams St,Toledo,OH,43624,1428,(330) 253-8680
3904684,46847,Amanda-Clearcreek Local,328 E Main St,Amanda,OH,43102,9330,(740) 969-7250
3904519,45195,Amherst Exempted Village,185 Forest St,Amherst,OH,44001,1605,(440) 988-4406
3910004,49759,Anna Local,PO Box 169,Anna,OH,45302,169,(937) 394-2011
3904662,46623,Ansonia Local,PO Box 279,Ansonia,OH,45303,279,(937) 337-4000
3904820,48207,Anthony Wayne Local,PO Box 2487,Whitehouse,OH,43571,487,(419) 877-5377
3904899,48991,Antwerp Local,303 S. Harrmann Rd,Antwerp,OH,45813,,(419) 258-5421
3900309,560,Apex Academy,16005 Terrace Rd,Cleveland,OH,44112,2001,(216) 451-1725
3905077,50773,Apollo,3325 Shawnee Rd,Lima,OH,45806,1454,(419) 998-2910
3910002,47415,Arcadia Local,19033 State Route 12,Arcadia,OH,44804,9714,(419) 894-6431
3904663,46631,Arcanum-Butler Local,2011 Trojan Ave,Arcanum,OH,45304,1381,(937) 692-5174
3904704,47043,Archbold-Area Local,600 Lafayette St,Archbold,OH,43502,1656,(419) 446-2728
3904742,47423,Arlington Local,PO Box 260,Arlington,OH,45814,260,(419) 365-5121
3900223,143610,Arts & College Preparatory Academy,4401 Hilton Corporate Dr,Columbus,OH,43232,4161,(614) 986-9974
3904350,43505,Ashland City,PO Box 160,Ashland,OH,44805,160,(419) 289-1117
3901350,9971,Ashland County Community Academy,716 Union St,Ashland,OH,44805,1823,(419) 903-0295
3906204,62042,Ashland County-West Holmes,1783 State Route 60,Ashland,OH,44805,9287,(419) 289-3313
3904351,43513,Ashtabula Area City,2630 W 13th St,Ashtabula,OH,44004,2405,(440) 992-1200
3905081,50815,Ashtabula County Technical and Career Center,1565 State Route 167,Jefferson,OH,44047,9487,(877) 644-6338
3904352,43521,Athens City,25 S Plains Rd,The Plains,OH,45780,1333,(740) 797-4544
3905116,51169,Auburn,8140 Auburn Rd,Painesville,OH,44077,9179,(440) 358-8006
3900490,288,Auglaize County Educational Academy,1130A East Albert St,Lima,OH,45804,1614,(419) 738-4572
3900023,134148,Aurora Academy,541 Utah St,Toledo,OH,43605,2299,(419) 693-6841
3904917,49171,Aurora City,102 E Garfield Rd,Aurora,OH,44202,8854,(330) 562-6106
3904829,48298,Austintown Local,700 S Raccoon Rd,Youngstown,OH,44515,3536,(330) 797-3900
3900022,134122,Autism Model School,3020 Tremainsville Rd,Toledo,OH,43613,1901,(419) 897-4400
3904812,48124,Avon Lake City,175 Avon Belden Rd,Avon Lake,OH,44012,1600,(440) 933-6210
3904811,48116,Avon Local,35573 Detroit Rd,Avon,OH,44011,1639,(440) 937-4680
3904670,46706,Ayersville Local,28046 Watson Rd,Defiance,OH,43512,8851,(419) 395-1111
3904353,43539,Barberton City,479 Norton Ave,Barberton,OH,44203,1737,(330) 753-1025
3904520,45203,Barnesville Exempted Village,210 W Church St,Barnesville,OH,43713,1069,(740) 425-3615
3904630,46300,Batavia Local,2400 Clermont Center Dr,Batavia,OH,45103,1990,(513) 732-2343
3904576,45765,Bath Local,2650 Bible Rd,Lima,OH,45801,2246,(419) 221-0807
3904354,43547,Bay Village City,377 Dover Center Rd,Bay Village,OH,44140,2304,(440) 617-7300
3904355,43554,Beachwood City,24601 Fairmount Blvd,Beachwood,OH,44122,2298,(216) 464-2600
3901463,12501,Beacon Hill Academy,PO Box 285,Dundee,OH,44659,285,(330) 359-5600
3901548,13913,Beacon Hill Middle/High Academy,275 W Market St,Akron,OH,44303,2159,(877) 644-6338
3904642,46425,Beaver Local,13093 State Route 7,Lisbon,OH,44432,9559,(330) 385-6831
3904724,47241,Beavercreek City,3040 Kemp Rd,Beavercreek,OH,45431,2644,(937) 426-1522
3910017,43562,Bedford City,475 Northfield Rd,Bedford,OH,44146,2201,(440) 439-1500
3901370,11390,Bella Academy of Excellence,19114 Bella Dr,Cleveland,OH,44119,3007,(216) 481-1500
3904357,43570,Bellaire Local,340 34th St,Bellaire,OH,43906,1589,(740) 676-1826
3904727,47274,Bellbrook-Sugarcreek Local School District,3757 Upper Bellbrook Rd,Bellbrook,OH,45305,8750,(937) 848-5001
3904358,43588,Bellefontaine City,820 Ludlow Rd,Bellefontaine,OH,43311,1852,(937) 593-9060
3904359,43596,Bellevue City,125 North St,Bellevue,OH,44811,1423,(419) 484-5000
3905085,50856,Belmont-Harrison,110 Fox Shannon Pl,Saint Clairsville,OH,43950,8751,(740) 695-9130
3904361,43604,Belpre City,2014 Rockland Ave,Belpre,OH,45714,1118,(740) 423-9511
3904807,48074,Benjamin Logan Local,4740 County Road 26,Bellefontaine,OH,43311,9532,(937) 593-9211
3900457,843,Bennett Venture Academy,5130 Bennett Road,Toledo,OH,43612,,(419) 269-2247
3904892,48926,Benton Carroll Salem Local,11685 W State Route 163,Oak Harbor,OH,43449,1278,(419) 898-6210
3904360,43612,Berea City,390 Fair St,Berea,OH,44017,2308,(216) 898-8300
3904716,47167,Berkshire Local,PO Box 364,Burton,OH,44021,364,(440) 834-3380
3904685,46854,Berne Union Local,506 N Main St,Sugar Grove,OH,43155,187,(740) 746-8341
3901550,14090,Berwyn East Academy,1850 Bostwick Rd,Columbus,OH,43227,3374,(614) 564-9548
3904861,48611,Bethel Local,7490 State Route 201,Tipp City,OH,45371,7316,(937) 845-9414
3904631,46318,Bethel-Tate Local,675 West Plane Street,Bethel,OH,45106,,(513) 734-2271
3904362,43620,Bexley City,348 S Cassingham Rd,Bexley,OH,43209,1897,(614) 231-7611
3904674,46748,Big Walnut Local,105 Baughman St,Sunbury,OH,43074,9334,(740) 965-3010
3901512,14231,Bio-Med Science Academy STEM School,4209 State Route 44,Rootstown,OH,44272,9698,(877) 644-6338
3904846,48462,Black River Local,257A County Road 40,Sullivan,OH,44880,9731,(419) 736-3300
3904638,46383,Blanchester Local,951 Cherry St.,Blanchester,OH,45107,7846,(937) 783-3523
3904686,46862,Bloom-Carroll Local,5240 Plum Rd,Carroll,OH,43112,9716,(614) 837-6560
3905009,50096,Bloomfield-Mespo Local,2077 Park Rd W,North Bloomfield,OH,44450,730,(440) 685-4752
3904959,49593,Bloom-Vernon Local,PO Box 237,South Webster,OH,45682,237,(740) 778-2281
3904521,45211,Bluffton Exempted Village,102 S Jackson St,Bluffton,OH,45817,1218,(419) 358-5901
3904830,48306,Boardman Local,7410 Market St,Youngstown,OH,44512,5612,(330) 726-3404
3904976,49767,Botkins Local,404 E State St,Botkins,OH,45306,8006,(937) 693-3756
3904363,43638,Bowling Green City School District,137 Clough St,Bowling Green,OH,43402,2901,(419) 352-3576
3904522,45229,Bradford Exempted Village,760 Railroad Ave,Bradford,OH,45308,8605,(937) 448-2770
3904364,43646,Brecksville-Broadview Heights City,6638 Mill Rd,Brecksville,OH,44141,1512,(440) 740-4000
3904523,45237,Bridgeport Exempted Village,55781 National Rd,Bridgeport,OH,43912,1528,(740) 635-1713
3900502,311,Bridges Community Academy,190 St Francis Ave,Tiffin,OH,44883,3475,(419) 455-9295
3904761,47613,Bright Local,PO Box 299,Mowrystown,OH,45155,299,(937) 442-3114
3905011,50112,Bristol Local,PO Box 260,Bristolville,OH,44402,260,(330) 889-3882
3901430,12684,Broadway Academy,3398 E 55th St,Cleveland,OH,44127,1691,(216) 271-7747
3905012,50120,Brookfield Local,614 Bedford Rd SE,Brookfield,OH,44403,9756,(330) 448-4930
3904365,43653,Brooklyn City,9200 Biddulph Rd,Brooklyn,OH,44144,2614,(216) 485-8100
3904867,48678,Brookville Local,75 June Pl,Brookville,OH,45309,1621,(937) 833-2181
3901479,13198,Brookwood Academy,2685 E Livingston Ave,Columbus,OH,43209,2961,(614) 231-1199
3904617,46177,Brown Local,401 W Main St,Malvern,OH,44644,9482,(330) 863-1170
3904366,43661,Brunswick City,3643 Center Rd,Brunswick,OH,44212,3619,(330) 225-7731
3904367,43679,Bryan City,1350 Fountain Grove Dr,Bryan,OH,43506,8733,(419) 636-6973
3905165,51656,Buckeye,545 University Dr NE,New Philadelphia,OH,44663,9450,(330) 339-2288
3904650,46508,Buckeye Central Local,938 S Kibler St,New Washington,OH,44854,9521,(419) 492-2864
3904585,45856,Buckeye Local,3436 Edgewood Dr,Ashtabula,OH,44004,5967,(440) 998-4411
3904847,48470,Buckeye Local,3044 Columbia Rd,Medina,OH,44256,9411,(877) 644-6338
3904778,47787,Buckeye Local,6899 State Highway 150,Dillonvale,OH,43917,7904,(740) 769-7395
3900530,417,Buckeye On-Line School for Success,119 E Fifth St,East Liverpool,OH,43920,3030,(330) 385-1987
3901562,14825,Buckeye Preparatory Academy,1414 Gault St,Columbus,OH,43205,2933,(614) 300-3685
3900237,60988,Buckeye United School District,30 W Spring St,Columbus,OH,43215,2216,(614) 466-0720
3904675,46755,Buckeye Valley Local,679 Coover Rd,Delaware,OH,43015,9562,(740) 369-8735
3904368,43687,Bucyrus City,170 Plymouth St,Bucyrus,OH,44820,1627,(419) 562-4045
3905088,50880,Butler Technology & Career Development Schools,3603 Hamilton Middletown Rd,Hamilton,OH,45011,2241,(513) 868-1911
3901317,9163,C.M. Grant Leadership Academy,2440 Dawnlight Ave,Columbus,OH,43211,1934,(614) 252-2087
3904525,45252,Caldwell Exempted Village,516 Fairground St,Caldwell,OH,43724,1175,(740) 732-5637
3904369,43695,Cambridge City,6111 Fairdale Dr,Cambridge,OH,43725,8865,(740) 439-5021
3904370,43703,Campbell City,280 6th St,Campbell,OH,44405,1325,(330) 799-6788
3904694,46946,Canal Winchester Local,100 Washington St,Canal Winchester,OH,43110,1224,(614) 837-4533
3904831,48314,Canfield Local,100 Wadsworth St,Canfield,OH,44406,1451,(330) 533-3303
3904371,43711,Canton City,1312 5th St SW,Canton,OH,44707,4657,(330) 438-2500
3901470,13255,Canton College Preparatory School,101 Cleveland Avenue,Canton,OH,44702,,(330) 455-0498
3900285,525,Canton Harbor High School,1731 Grace Ave NE,Canton,OH,44705,2261,(330) 452-8414
3904983,49833,Canton Local,4526 Ridge Ave SE,Canton,OH,44707,1118,(330) 484-8010
3901416,12044,Capital High School,640 Harrisburg Pike,Columbus,OH,43223,2112,(614) 228-2854
3904717,47175,Cardinal Local,PO Box 188,Middlefield,OH,44062,188,(440) 632-0261
3904879,48793,Cardington-Lincoln Local,121 Nichols St,Cardington,OH,43315,1121,(419) 864-3691
3905120,51201,Career and Technology Educational Centers,150 Price Rd,Newark,OH,43055,3319,(740) 366-3351
3904526,45260,Carey Exempted Village,357 E South St,Carey,OH,43316,1273,(419) 396-7922
3905041,50419,Carlisle Local,724 Fairview Dr,Carlisle,OH,45005,3148,(937) 746-0710
3904527,45278,Carrollton Exempted Village,252 3rd St NE,Carrollton,OH,44615,1236,(330) 627-2181
3904725,47258,Cedar Cliff Local,194 Walnut St,Cedarville,OH,45314,8541,(937) 766-6000
3901552,14158,Celerity Tenacia Charter School,4605 Hilton Corporate Dr,Columbus,OH,43232,4151,(614) 863-1604
3910030,43729,Celina City,585 E Livingston St,Celina,OH,45822,1742,(419) 586-8300
3900585,7998,Center for Student Achievement,21 Tropic St,Jackson,OH,45640,1966,(740) 286-7839
3904782,47829,Centerburg Local,119 S Preston St,Centerburg,OH,43011,7058,(740) 625-6346
3904373,43737,Centerville City,111 Virginia Ave,Centerville,OH,45458,2249,(937) 433-8841
3901313,9164,Central Academy of Ohio,2727 Kenwood Blvd,Toledo,OH,43606,3216,(419) 205-9800
3904671,46714,Central Local,6289 Us Highway 127,Sherwood,OH,43556,9735,(419) 658-2808
3901335,10036,Cesar Chavez College Preparatory School,1465 Oakland Park Ave,Columbus,OH,43224,3509,(614) 297-8801
3904528,45286,Chagrin Falls Exempted Village,400 E Washington St,Chagrin Falls,OH,44022,2924,(440) 247-5500
3905013,50138,Champion Local,5759 Mahoning Ave NW,Warren,OH,44483,1139,(330) 847-2330
3901527,14061,Chapelside Cleveland Academy,3845 E 131st St,Cleveland,OH,44120,4661,(216) 283-6589
3904718,47183,Chardon Local,428 North St,Chardon,OH,44024,1036,(440) 285-4052
3900586,7999,Charles School at Ohio Dominican University,3950 Indianola Ave,Columbus,OH,43214,3158,(614) 258-8588
3904529,45294,Chesapeake Union Exempted Village,10183 County Road 1,Chesapeake,OH,45619,7032,(740) 867-3135
3904374,43745,Chillicothe City,425 Yoctangee Pkwy,Chillicothe,OH,45601,1663,(740) 775-4250
3905053,50534,Chippewa Local,56 N Portage St,Doylestown,OH,44230,1350,(330) 658-6368
3904375,43752,Cincinnati City,PO Box 5381,Cincinnati,OH,45201,5381,(513) 363-0000
3900031,133512,Cincinnati College Preparatory Academy,1425 Linn St,Cincinnati,OH,45214,2605,(513) 684-0777
3901449,12513,Cincinnati College Preparatory Academy East,4324 Homer Ave,Cincinnati,OH,45227,2943,(513) 241-1101
3901561,14932,Cincinnati Generation Academy,"455 Sherman St., Suite 120",Cincinnati,OH,80203,,(513) 389-0968
3901312,9154,Cincinnati Leadership Academy,7243 Eastlawn Dr,Cincinnati,OH,45237,3515,(513) 351-5737
3901522,13967,Cincinnati Learning Schools,5641 Belmont Ave,Cincinnati,OH,45224,3101,(513) 363-6600
3900436,781,Cincinnati Speech & Reading Intervention Center,1812 Central Pkwy,Cincinnati,OH,45214,2304,(513) 651-9624
3901485,13240,Cincinnati State STEM Academy,3520 Central Pkwy Ste 143 Mezz,Cincinnati,OH,45223,2612,(513) 569-1820
3901516,13864,Cincinnati Technology Academy,3800 Glenway Ave,Cincinnati,OH,45205,1436,(513) 471-7323
3904376,43760,Circleville City,388 Clark Dr,Circleville,OH,43113,1517,(740) 474-4340
3900032,133520,Citizens Academy,10118 Hampden Ave,Cleveland,OH,44108,3538,(216) 791-4195
3901486,12852,Citizens Academy East,12523 Woodside Ave,Cleveland,OH,44108,2422,(877) 644-6338
3901570,,Citizens Academy Southeast,17900 Harvard Ave,Cleveland,OH,44128,1736,(216) 586-3887
3901444,12029,Citizens Leadership Academy,9711 Lamont Ave,Cleveland,OH,44106,4124,(216) 229-8185
3900029,134247,City Day Community School,318 S Main St,Dayton,OH,45402,2716,(937) 223-8130
3901558,14633,City Prep Academy,2800 S Hamilton Rd,Columbus,OH,43232,4961,(877) 644-6338
3901569,,Clark Preparatory Academy,501 S Wittenberg Ave,Springfield,OH,45506,2101,(877) 644-6338
3904628,46284,Clark-Shawnee Local,3680 Selma Rd,Springfield,OH,45502,6310,(937) 328-5378
3901532,13909,Classical Academy of Columbus Govening Council,9929 Township Road 141,,OH,43319,9403,(877) 644-6338
3901296,9181,Clay Avenue Community School,1030 Clay Ave,Toledo,OH,43608,2167,(419) 727-9900
3910026,49601,Clay Local,44 Clay High St,Portsmouth,OH,45662,8817,(740) 354-6645
3904377,43778,Claymont City,201 N 3rd St,Dennison,OH,44621,1237,(740) 922-5478
3904941,49411,Clear Fork Valley Local,92 Hines Ave,Bellville,OH,44813,1232,(419) 886-3855
3904813,48132,Clearview Local,4700 Broadway,Lorain,OH,44052,5542,(440) 233-5412
3904632,46326,Clermont Northeastern Local,2792 Us Highway 50,Batavia,OH,45103,8532,(513) 625-5478
3900286,527,Cleveland Academy for Scholarship Technology and Leadership,3950 Prospect Ave E,Cleveland,OH,44115,2710,(216) 443-5400
3900584,7995,Cleveland Arts and Social Sciences Academy,10701 Shaker Blvd,Cleveland,OH,44104,3752,(216) 229-3000
3901397,12010,Cleveland College Preparatory School,4906 Fleet Ave,Cleveland,OH,44105,3328,(216) 341-1347
3900569,946,Cleveland Community School,1701 E 12th St,Cleveland,OH,44114,3236,(216) 523-1133
3900557,930,Cleveland Entrepreneurship Preparatory School,1417 E 36th St Fl 2,Cleveland,OH,44114,4116,(216) 456-2080
3904379,43794,Cleveland Heights-University Heights City,2155 Miramar Blvd,University Heights,OH,44118,3301,(216) 371-7171
3904378,43786,Cleveland Municipal,1111 Superior Ave E,Cleveland,OH,44114,2522,(216) 838-0000
3900100,132795,Cliff Park High School,821 N Limestone St,Springfield,OH,45503,3609,(937) 342-3006
3904639,46391,Clinton-Massie Local,2556 Lebanon Rd,Clarksville,OH,45113,8201,(937) 289-2471
3904848,48488,Cloverleaf Local,8525 Friendsville Rd,Lodi,OH,44254,9706,(330) 948-2500
3910020,45302,Clyde-Green Springs Exempted Village,106 S Main St,Clyde,OH,43410,1633,(419) 547-0588
3904531,45310,Coldwater Exempted Village,310 N 2nd St,Coldwater,OH,45828,1242,(419) 678-2611
3906496,64964,College Corner Local,230 Ramsey St,College Corner,OH,45003,,(765) 732-3183
3904651,46516,Colonel Crawford Local,PO Box 7,North Robinson,OH,44856,7,(419) 562-4666
3900028,134221,Colonial Prep Academy,2199 5th St SW,Akron,OH,44314,2405,(330) 752-2792
3904814,48140,Columbia Local,25796 Royalton Rd,Columbia Station,OH,44028,9441,(440) 236-5008
3905090,50906,Columbiana County,9364 State Route 45,Lisbon,OH,44432,9585,(330) 424-9561
3904532,45328,Columbiana Exempted Village,700 Columbiana Waterford Rd,Columbiana,OH,44408,9499,(330) 482-5352
3900306,557,Columbus Arts & Technology Academy,2255 Kimberly Pkwy E,Columbus,OH,43232,7210,(614) 577-0900
3900533,420,Columbus Bilingual Academy,35 Midland Ave,Columbus,OH,43223,1064,(614) 324-1492
3901375,11468,Columbus Bilingual Academy-North,3360 Kohr Blvd,Columbus,OH,43224,3051,(877) 644-6338
3904380,43802,Columbus City School District,270 E State St,Columbus,OH,43215,4312,(614) 365-5000
3901305,9122,Columbus Collegiate Academy,1469 E Main St,Columbus,OH,43205,2152,(614) 299-5284
3901478,12951,Columbus Collegiate Academy - West,300 Dana Ave,Columbus,OH,43223,1310,(877) 644-6338
3904931,49312,Columbus Grove Local,201 W Cross St,Columbus Grove,OH,45830,1237,(419) 659-2639
3900304,553,"Columbus Humanities, Arts and Technology Academy",1333 Morse Rd,Columbus,OH,43229,6322,(614) 261-1200
3901398,12011,Columbus Performance Academy,2 Easton Oval Ste 525,Columbus,OH,43219,7008,(614) 318-0720
3900307,558,Columbus Preparatory Academy,3330 Chippewa St,Columbus,OH,43204,1653,(614) 275-3600
3900574,952,Columbus Preparatory and Fitness Academy,1258 Demorest Rd,Columbus,OH,43204,7003,(614) 318-0606
3904381,43810,Conneaut Area City,400 Mill St,Conneaut,OH,44030,2442,(440) 593-7200
3904754,47548,Conotton Valley Union Local,PO Box 187,Sherrodsville,OH,44675,187,(740) 269-2000
3901453,12026,Constellation Schools: Collinwood Village Academy,5730 Broadview Rd,Cleveland,OH,44134,1602,(216) 451-4022
3901432,12671,Constellation Schools: Eastside Arts Academy,6700 Lansing Ave,Cleveland,OH,44105,3756,(216) 441-9830
3900103,132969,Constellation Schools: Elyria Community,300 N Abbe Rd,Elyria,OH,44035,3715,(440) 366-5225
3900102,132951,Constellation Schools: Lorain Community Elementary,5983 W 54th St,Lorain,OH,44129,3854,(440) 204-2130
3900507,320,Constellation Schools: Lorain Community Middle,5730 Broadview Rd,Lorain,OH,44134,1602,(440) 242-2023
3900506,319,Constellation Schools: Madison Community Elementary,2015 W 95th St,Cleveland,OH,44102,3727,(216) 651-5212
3900019,134098,Constellation Schools: Old Brooklyn Community Elementary,4430 State Rd,Cleveland,OH,44109,4705,(216) 661-7888
3900508,321,Constellation Schools: Old Brooklyn Community Middle,5730 Broadview Rd,Cleveland,OH,44134,1602,(216) 351-0280
3900297,541,Constellation Schools: Outreach Academy for Students with Di,3727 Bosworth Rd,Cleveland,OH,44111,6037,(216) 688-1900
3900068,133256,Constellation Schools: Parma Community,7667 Day Dr Fl 1ST,Parma,OH,44129,5603,(440) 888-5490
3900211,143479,Constellation Schools: Puritas Community Elementary,15204 Puritas Ave,Cleveland,OH,44135,2716,(216) 688-0680
3900291,534,Constellation Schools: Puritas Community Middle,5730 Broadview Rd,Cleveland,OH,44134,1602,(216) 688-0680
3900212,143487,Constellation Schools: Stockyard Community Elementary,3200 W 65th St,Cleveland,OH,44102,5510,(216) 651-5143
3901403,12025,Constellation Schools: Stockyard Community Middle,5730 Broadview Rd,Cleveland,OH,44134,1602,(216) 961-5052
3900105,132993,Constellation Schools: Westpark Community Elementary,16210 Lorain Ave,Cleveland,OH,44111,5521,(216) 688-0271
3900503,316,Constellation Schools: Westpark Community Middle,5730 Broadview Rd,Cleveland,OH,44134,1602,(216) 251-7200
3901326,9149,Constellation Schools: Westside Community School of the Arts,5730 Broadview Rd,Cleveland,OH,44134,1602,(216) 688-1900
3904932,49320,Continental Local,5211 State Route 634,Continental,OH,45831,9155,(419) 596-3671
3904998,49981,Copley-Fairlawn City,3797 Ridgewood Rd,Copley,OH,44321,1665,(330) 664-4800
3900081,133439,Cornerstone Academy Community,6015 E Walnut St,Westerville,OH,43081,9620,(614) 775-0615
3904743,47431,Cory-Rawson Local,3930 County Road 26,Rawson,OH,45881,9609,(419) 963-3415
3904382,43828,Coshocton City,1207 Cambridge Rd,Coshocton,OH,43812,2742,(740) 622-1901
3906522,65227,Coshocton County,23640 Airport Rd,Coshocton,OH,43812,9222,(740) 622-0211
3900331,598,Coshocton Opportunity School,1205 Cambridge Rd,Coshocton,OH,43812,2741,(740) 622-3600
3904999,49999,Coventry Local,2910 S Main St,Akron,OH,44319,1849,(330) 644-8489
3904533,45336,Covington Exempted Village,25 N Grant St,Covington,OH,45318,1621,(937) 473-9816
3910008,45344,Crestline Exempted Village,401 Heiser Ct,Crestline,OH,44827,1360,(419) 683-3647
3905035,50351,Crestview Local,531 E Tully St,Convoy,OH,45832,8864,(877) 644-6338
3904942,49429,Crestview Local,1575 State Route 96,Ashland,OH,44805,9262,(419) 895-1700
3904643,46433,Crestview Local,44100 Crestview Rd Ste A,Columbiana,OH,44408,9660,(330) 482-5526
3904918,49189,Crestwood Local,4565 W Prospect St,Mantua,OH,44255,9103,(330) 357-8206
3904535,45351,Crooksville Exempted Village,4065 School Drive,Crooksville,OH,43731,1013,(740) 982-7040
3901393,12000,Cruiser Academy,2751 Winchester Pike,Columbus,OH,43232,4827,(614) 237-8756
3904383,43836,Cuyahoga Falls City,PO Box 396,Cuyahoga Falls,OH,44222,396,(330) 926-3800
3904655,46557,Cuyahoga Heights Local,4820 E 71st St,Cuyahoga Heights,OH,44125,1043,(216) 429-5700
3905092,50922,Cuyahoga Valley Career Center,8001 Brecksville Rd,Brecksville,OH,44141,1203,(440) 526-5200
3905054,50542,Dalton Local,PO Box 514,Dalton,OH,44618,514,(330) 828-2267
3904893,48934,Danbury Local,9451 E Harbor Rd,Lakeside Marblehead,OH,43440,1310,(419) 798-5185
3904783,47837,Danville Local,PO Box 30,Danville,OH,43014,30,(740) 599-6116
3904792,47928,Dawson-Bryant Local,222 Lane St,Coal Grove,OH,45638,2947,(740) 532-6451
3904384,43844,Dayton City,115 S Ludlow St,Dayton,OH,45402,1812,(937) 542-3000
3901302,9283,"Dayton Early College Academy, Inc",300 College Park,Dayton,OH,45469,1,(937) 229-5780
3900057,133959,Dayton Leadership Academies-Dayton Liberty Campus,4401 Dayton Liberty Rd,Dayton,OH,45417,5903,(937) 567-9426
3900083,133454,Dayton Leadership Academies-Dayton View Campus,1416 W Riverview Ave,Dayton,OH,45402,6217,(937) 567-9426
3901374,11506,Dayton Regional STEM School,1724 Woodman Dr,Kettering,OH,45420,3662,(937) 256-3777
3901536,14149,Dayton SMART Elementary School,601 S Keowee St,Dayton,OH,45410,1168,(937) 222-2812
3900642,8283,Dayton Technology Design High School,348 W 1st St,Dayton,OH,45402,3006,(937) 225-3989
3901508,12924,DECA PREP,200 Homewood Ave,Dayton,OH,45405,4328,(937) 229-5782
3904385,43851,Deer Park Community City,4131 Matson Ave,Cincinnati,OH,45236,2509,(513) 891-0222
3904386,43869,Defiance City,629 Arabella St,Defiance,OH,43512,2856,(419) 782-0070
3905098,50989,Delaware Area Career Center,4565 Columbus Pike,Delaware,OH,43015,8969,(740) 548-0708
3904387,43877,Delaware City,248 N Washington St,Delaware,OH,43015,1649,(740) 833-1100
3904388,43885,Delphos City,234 N Jefferson St,Delphos,OH,45833,1690,(419) 692-2509
3901545,14188,Discovery Academy,3835 Secor Rd,Toledo,OH,43623,4402,(419) 214-3266
3900106,133264,Dohn Community,608 E Mcmillan St,Cincinnati,OH,45206,1926,(513) 281-6100
3904389,43893,Dover City,219 W 6th St,Dover,OH,44622,2803,(330) 364-1906
3904702,47027,Dublin City,7030 Coffman Rd,Dublin,OH,43017,1068,(614) 764-5913
3900120,143552,Eagle Academy,2014 Consaul St,Toledo,OH,43605,1412,(419) 697-2760
3900647,8289,Eagle Learning Center,5721 Seaman St,Oregon,OH,43616,2631,(419) 720-2003
3901547,14556,"Early Career Academy Ohio, The",4717 Hilton Corporate Dr,,OH,43232,4152,(877) 644-6338
3900638,912,Early College Academy,345 E 5th Ave,Columbus,OH,43201,2819,(614) 298-4742
3901526,14187,East Academy,15720 Kipling Ave,Cleveland,OH,44110,3105,(216) 383-1214
3904390,43901,East Cleveland City School District,1843 Stanwood Rd,East Cleveland,OH,44112,2901,(216) 268-6570
3904640,46409,East Clinton Local,97 Astro Way,Sabina,OH,45169,9521,(937) 584-2461
3906968,69682,East Guernsey Local,PO Box 128,Old Washington,OH,43768,128,(740) 489-5190
3904768,47688,East Holmes Local,PO Box 182,Millersburg,OH,44610,182,(330) 893-2610
3910013,47845,East Knox Local,23201 Coshocton Rd,Howard,OH,43028,9362,(740) 599-7493
3904391,43919,East Liverpool City,810 W 8th St,East Liverpool,OH,43920,2302,(330) 385-7132
3904883,48835,East Muskingum Local,13505 John Glenn School Rd,New Concord,OH,43762,9702,(740) 826-7655
3904392,43927,East Palestine City,200 West North Avenue,East Palestine,OH,44413,1779,(330) 426-4191
3901554,14147,East Preparatory Academy,4129 Superior Ave,Cleveland,OH,44103,1129,(216) 539-0595
3904851,48512,Eastern Local,50008 State Route 681,Reedsville,OH,45772,9022,(740) 667-6079
3904603,46037,Eastern Local,11479 US Highway 62,Winchester,OH,45697,9690,(937) 695-1399
3904912,49122,Eastern Local,1170 Tile Mill Rd,Beaver,OH,45613,9435,(740) 226-4851
3905100,51003,Eastland-Fairfield Career/Tech,4300 Amalgamated Pl Ste 150,Groveport,OH,43125,9375,(614) 836-4530
3905067,50674,Eastwood Local,4800 Sugar Ridge Rd,Pemberville,OH,43450,9626,(419) 833-6411
3904393,43935,Eaton Community City,306 Eaton Lewisburg Rd,Eaton,OH,45320,1105,(937) 456-1107
3900033,133538,"Edge Academy, The",92 N Union St,Akron,OH,44304,1347,(330) 535-4581
3905061,50617,Edgerton Local,111 E River St,Edgerton,OH,43517,9623,(419) 298-2112
3904609,46094,Edgewood City,3440 Busenbark Rd,Trenton,OH,45067,7612,(513) 863-4692
3904779,47795,Edison Local,14890 State Route 213,Hammondsville,OH,43930,7902,(330) 532-3199
3904678,46789,Edison Local (formerly Berlin-Milan),140 Main St S,Milan,OH,44846,9735,(419) 499-3000
3905062,50625,Edon-Northwest Local,802 W Indiana St,Edon,OH,43518,9627,(419) 272-3213
3900434,779,Educational Academy for Boys & Girls,1500 W 3rd Ave,Columbus,OH,43212,2843,(614) 294-3020
3905102,51029,EHOVE Career Center,316 Mason Rd W,Milan,OH,44846,9500,(866) 256-9707
3900079,133413,Electronic Classroom Of Tomorrow,3700 S High St Ste 95,Columbus,OH,43207,4083,(614) 492-8884
3904841,48413,Elgin Local,4616 Larue Prospect Rd W,Marion,OH,43302,8859,(740) 382-1101
3904577,45773,Elida Local,4380 Sunnydale St,Elida,OH,45807,9593,(419) 331-4155
3905068,50682,Elmwood Local,7650 Jerry City Rd,Bloomdale,OH,44817,9763,(877) 644-6338
3904394,43943,Elyria City Schools,42101 Griswold Rd,Elyria,OH,44035,2117,(440) 284-8201
3900315,577,Emerson Academy,501 Hickory St,Dayton,OH,45410,1232,(937) 223-2889
3901406,12031,Entrepreneurship Preparatory School - Woodland Hills Campus,9201 Crane Ave,Cleveland,OH,44105,1627,(216) 298-1164
3904395,43950,Euclid City,651 E 222nd St,Euclid,OH,44123,2031,(216) 261-2900
3901378,11956,Everest High School,1555 Graham Rd,Reynoldsburg,OH,43068,2632,(614) 367-1980
3904705,47050,Evergreen Local,14544 County Road 6,Metamora,OH,43540,9741,(419) 644-3521
3905032,50328,Fairbanks Local,11158 State Route 38,Milford Center,OH,43045,9764,(937) 349-3731
3904396,43968,Fairborn City,306 E Whittier Ave,Fairborn,OH,45324,5313,(937) 878-3961
3900155,149088,Fairborn Digital Academy,700 Black Ln,Fairborn,OH,45324,5844,(937) 879-0511
3904610,46102,Fairfield City,4641 Bach Ln,Fairfield,OH,45014,1900,(513) 829-6300
3904762,47621,Fairfield Local,11611 State Route 771,Leesburg,OH,45135,8601,(937) 780-2221
3904687,46870,Fairfield Union Local,6417 Cincinnati Zanesville Rd,Lancaster,OH,43130,9323,(740) 536-7384
3904793,47936,Fairland Local,228 Private Drive 10010,Proctorville,OH,45669,8600,(740) 886-3100
3904977,49775,Fairlawn Local,18800 Johnston Rd,Sidney,OH,45365,9755,(937) 492-1974
3904984,49841,Fairless Local,11885 Navarre Rd SW,Navarre,OH,44662,9485,(330) 767-3577
3904536,45369,Fairport Harbor Exempted Village,329 Vine St,Fairport Harbor,OH,44077,5741,(440) 354-5400
3904397,43976,Fairview Park City,21620 Mastick Rd # A,Fairview Park,OH,44126,3047,(440) 331-5500
3904706,47068,Fayette Local,400 E Gamble Rd,Fayette,OH,43521,9462,(877) 644-6338
3904604,46045,Fayetteville-Perry Local,551 S Apple St,Fayetteville,OH,45118,8461,(513) 875-2423
3900321,585,FCI Academy,2177 Mock Rd,Columbus,OH,43219,1258,(614) 471-4527
3904591,45914,Federal Hocking Local,PO Box 117,Stewart,OH,45778,117,(740) 662-6691
3904633,46334,Felicity-Franklin Local,PO Box 619,Felicity,OH,45120,619,(513) 362-5348
3904919,49197,Field Local,2900 State Route 43,Mogadore,OH,44260,9715,(330) 673-2659
3910000,43984,Findlay City,1100 Broad Ave,Findlay,OH,45840,2651,(419) 425-8212
3900528,402,Findlay Digital Academy,1219 W Main Cross St Ste 101,Findlay,OH,45840,702,(419) 425-3598
3904733,47332,Finneytown Local,8916 Fontainebleau Ter,Cincinnati,OH,45231,4806,(513) 728-3700
3904815,48157,Firelands Local,112 N Lake St,South Amherst,OH,44001,2824,(440) 965-5821
3901574,,Flex High School,115 S Gift St,Columbus,OH,43215,4440,(614) 610-9749
3900179,142943,Focus Learning Academy of Northern Columbus,1800 E Dublin Granville Rd,Columbus,OH,43229,3533,(614) 547-0927
3900178,142935,Focus Learning Academy of Southeastern Columbus,4480 Refugee Rd,Columbus,OH,43232,4459,(614) 269-0150
3900177,142927,Focus Learning Academy of Southwest Columbus,190 Southwood Ave,Columbus,OH,43207,1133,(614) 545-2000
3901451,12529,Focus North High School,4807 Evanswood Dr,Columbus,OH,43229,6285,(614) 310-0430
3904734,47340,Forest Hills Local,7550 Forest Rd,Cincinnati,OH,45255,4307,(513) 231-3600
3905048,50484,Fort Frye Local,510 5th St,Beverly,OH,45715,8916,(740) 984-2497
3904978,49783,Fort Loramie Local,PO Box 26,Fort Loramie,OH,45845,26,(937) 295-3931
3904859,48595,Fort Recovery Local,PO Box 604,Fort Recovery,OH,45846,604,(419) 375-4139
3904399,43992,Fostoria City,1001 Park Ave,Fostoria,OH,44830,1455,(419) 435-8163
3901301,9192,Foundation Academy,1050 Wyandotte Ave,Mansfield,OH,44906,1939,(419) 526-9540
3905096,50963,Four County Career Center,22900 State Route 34,Archbold,OH,43502,9586,(419) 267-3331
3901579,,Foxfire East Academy,60901 Beech Grove Ln,Cambridge,OH,43725,8909,(740) 432-8170
3900233,149328,Foxfire High School,2805 Pinkerton Lane,Zanesville,OH,43702,1818,(740) 453-4509
3901407,12033,Foxfire Intermediate School,2805 Pinkerton Ln,Zanesville,OH,43701,8593,(740) 453-4509
3904400,44008,Franklin City,150 E 6th St,Franklin,OH,45005,2559,(937) 746-1699
3904884,48843,Franklin Local,PO Box 428,Duncan Falls,OH,43734,428,(740) 674-5203
3900228,148932,Franklin Local Community School,PO Box 95,Roseville,OH,43777,95,(740) 697-7317
3904664,46649,Franklin Monroe Local,PO Box 78,Arcanum,OH,45358,78,(937) 947-1212
3901533,13892,Franklinton Preparatory Academy,40 Chicago Ave,Columbus,OH,43222,1132,(614) 636-3721
3901415,12043,Frederick Douglass Reclamation Academy,3167 Fulton Rd,Cleveland,OH,44109,1465,(216) 941-9661
3904785,47852,Fredericktown Local,117 Columbus Rd,Fredericktown,OH,43019,1272,(740) 694-2956
3904401,44016,Fremont City,500 W State St,Fremont,OH,43420,2572,(419) 332-6454
3905049,50492,Frontier Local,44870 State Route 7,New Matamoras,OH,45767,6149,(740) 865-3473
3904696,46961,Gahanna-Jefferson City,160 S Hamilton Rd,Gahanna,OH,43230,2919,(614) 471-7065
3904402,44024,Galion City,470 Portland Way N,Galion,OH,44833,1115,(419) 468-3432
3906568,65680,Gallia County Local,4836 State Route 325,Patriot,OH,45658,8960,(740) 379-9085
3906206,62067,Gallia-Jackson-Vinton,PO Box 157,Rio Grande,OH,45674,157,(740) 245-5334
3904403,44032,Gallipolis City,61 State St,Gallipolis,OH,45631,1131,(740) 446-3211
3905027,50278,Garaway Local,146 Dover Rd NW,Sugarcreek,OH,44681,9309,(330) 852-2421
3901462,12668,Garfield Academy,1379 Garfield Ave SW,Canton,OH,44706,5200,(330) 454-3128
3904404,44040,Garfield Heights City Schools,5640 Briarcliff Dr,Garfield Heights,OH,44125,4158,(216) 475-8100
3900564,938,Gateway Academy of Ohio,4300 Kimberly Pkwy N 3rd FL,Columbus,OH,43232,8296,(614) 856-1149
3904405,44057,Geneva Area City,135 S Eagle St,Geneva,OH,44041,1513,(440) 466-4831
3904894,48942,Genoa Area Local,2810 N Genoa Clay Center Rd,Genoa,OH,43430,9730,(419) 855-7741
3901414,12042,George V. Voinovich Reclamation Academy,11801 Buckeye Rd,Cleveland,OH,44120,2620,(216) 295-1493
3904537,45377,Georgetown Exempted Village,1043 Mount Orab Pike,Georgetown,OH,45121,8440,(937) 378-3565
3904538,45385,Gibsonburg Exempted Village,301 S Sunset Ave,Gibsonburg,OH,43431,1264,(419) 637-2479
3904406,44065,Girard City School District,704 E Prospect St,Girard,OH,44420,2330,(330) 545-2596
3900127,131,Glass City Academy,1000 Monroe St,Toledo,OH,43604,5953,(419) 720-6311
3901535,13930,Global Impact STEM Academy,PO Box 1344,Springfield,OH,45501,1344,(937) 328-6600
3901465,12558,Global Village Academy,5720 State Rd,Parma,OH,44134,2564,(216) 767-5956
3900151,149047,Goal Digital Academy,890 W 4th St,Mansfield,OH,44906,2565,(419) 775-4809
3904634,46342,Goshen Local,6694 Goshen Rd,Goshen,OH,45122,9273,(513) 722-2222
3901382,11972,Graham Expeditionary Middle School,3950 Indianola Ave,Columbus,OH,43214,3167,(614) 262-1111
3904619,46193,Graham Local,7790 US Highway 36,Saint Paris,OH,43072,9496,(937) 663-4123
3901495,13030,Graham Primary School,3950 Indianola Ave,Columbus,OH,43214,3167,(614) 253-4001
3900080,133421,"Graham School, The",3950 Indianola Ave,Columbus,OH,43214,3158,(614) 262-1111
3904586,45864,Grand Valley Local,111 Grand Valley Ave West,Orwell,OH,44076,9420,(440) 437-6260
3904407,44073,Grandview Heights City,1587 W 3rd Ave,Columbus,OH,43212,2825,(614) 481-3600
3904539,45393,Granville Exempted Village,PO Box 417,Granville,OH,43023,417,(740) 587-8101
3901436,12629,Great Expectations Elementary School,20 Arco Dr,Toledo,OH,43607,2901,(419) 490-6252
3905106,51060,Great Oaks Inst Of Technology,3254 E Kemper Rd,Cincinnati,OH,45241,6421,(513) 771-8840
3900192,143198,Great Western Academy,310 N Wilson Rd,Columbus,OH,43204,6221,(614) 276-1028
3900488,282,Greater Ohio Virtual School,1879 Deerfield Rd,Lebanon,OH,45036,9245,(513) 695-2924
3901369,11381,Greater Summit County Early Learning Center,2141 Pickle Rd,Akron,OH,44312,4221,(330) 945-5600
3900025,134197,Green Inspiration Academy,4265 Northfield Rd,Highland Hills,OH,44128,2811,(216) 378-9573
3904961,49619,Green Local,4070 Gallia Pike,Franklin Furnace,OH,45629,8889,(740) 354-9221
3905001,50013,Green Local,PO Box 218,Uniontown,OH,44232,218,(330) 896-7500
3905055,50559,Green Local,PO Box 438,Smithville,OH,44677,438,(330) 669-3921
3905104,51045,Greene County Vocational School District,2960 W Enon Rd,Xenia,OH,45385,8548,(937) 372-6941
3904726,47266,Greeneview Local,4 S Charleston Rd,Jamestown,OH,45335,1557,(937) 675-2728
3904540,45401,Greenfield Exempted Village,200 N 5th St,Greenfield,OH,45123,1373,(937) 981-2152
3904623,46235,Greenon Local,500 Enon Xenia Pike,Enon,OH,45323,1759,(937) 864-1202
3904409,44099,Greenville City,215 W 4th St,Greenville,OH,45331,1423,(937) 548-3185
3900640,8287,Groveport Community School,4485 S Hamilton Rd,Groveport,OH,43125,9334,(614) 574-4100
3904697,46979,Groveport Madison Local,5940 Clyde Moore Dr,Groveport,OH,43125,2009,(614) 492-2520
3900135,197,Hamilton Alternative Academy,775 Rathmell Rd,Columbus,OH,43207,4737,(614) 491-8044
3904410,44107,Hamilton City,PO Box 627,Hamilton,OH,45012,627,(513) 887-5000
3900121,143602,Hamilton Cnty Math & Science,2675 Civic Center Dr,Cincinnati,OH,45231,1311,(513) 728-8620
3904695,46953,Hamilton Local,775 Rathmell Rd,Columbus,OH,43207,4737,(614) 491-8044
3901429,11324,Hardin Community School,1211 W Lima St Ste A,Kenton,OH,43326,8846,(419) 673-3210
3904749,47498,Hardin Northern Local,11589 State Route 81,Dola,OH,45835,9706,(419) 759-2331
3904979,49791,Hardin-Houston Local,5300 Houston Rd,Houston,OH,45333,8630,(937) 295-3010
3901345,9954,Harrisburg Pike Community School,680 Harrisburg Pike,Columbus,OH,43223,2100,(614) 223-1510
3904524,45245,Harrison Hills City,730 Peppard Ave,Cadiz,OH,43907,1067,(740) 942-7800
3900641,8286,Harvard Avenue Community School,12000 Harvard Ave,Cleveland,OH,44105,5444,(216) 283-5100
3900399,736,HBCU Preparatory School 1,12601 Shaker Blvd,Cleveland,OH,44120,2041,(216) 812-0244
3900400,738,HBCU Preparatory School 2,12601 Shaker Blvd,Cleveland,OH,44120,2041,(216) 812-0244
3904411,44115,Heath City,107 Lancaster Dr,Heath,OH,43056,1220,(740) 522-2816
3900341,613,Heir Force Community School,PO Box 180,Lima,OH,45802,180,(419) 228-9241
3904541,45419,Hicksville Exempted Village,958 E High St,Hicksville,OH,43526,1258,(419) 542-7665
3904849,48496,Highland Local,3880 Ridge Rd,Medina,OH,44256,7920,(330) 239-1901
3904880,48801,Highland Local,6506 State Route 229,Sparta,OH,43334,98,(419) 768-2206
3904701,47019,Hilliard City,2140 Atlas St,Columbus,OH,43228,9647,(614) 921-7000
3904412,44123,Hillsboro City,39 Willetsville Pike,Hillsboro,OH,45133,8277,(937) 393-3475
3904582,45823,Hillsdale Local,485 Township Road 1902,Jeromesville,OH,44840,9754,(419) 368-8231
3904757,47571,Holgate Local,801 Joe E Brown Ave,Holgate,OH,43527,9802,(419) 264-5141
3901473,13170,Hope Academy for Autism,1628 Niles Rd SE,Warren,OH,44484,5111,(330) 469-9501
3900181,142968,Hope Academy Northcoast,4310 E 71st St,Cleveland,OH,44105,5759,(216) 429-0232
3900313,575,Hope Academy Northwest Campus,1441 W 116th St,Cleveland,OH,44102,2301,(216) 226-6800
3901520,14091,Hope Learning Academy of Toledo,4234 Monroe St,Toledo,OH,43606,1938,(877) 644-6338
3904970,49700,Hopewell-Loudon Local,PO Box 400,BASCOM,OH,44809,400,(419) 937-2216
3900040,133629,Horizon Science Acad Cleveland,6000 S Marginal Rd,Cleveland,OH,44103,1042,(216) 432-3660
3900042,133660,Horizon Science Academy Columbus,1070 Morse Rd,Columbus,OH,43229,6290,(614) 846-7616
3901322,9179,Horizon Science Academy Columbus Middle School,2350 Morse Rd,Columbus,OH,43229,5801,(614) 428-6564
3901383,11976,Horizon Science Academy Dayton Downtown,121 S Monmouth St,Dayton,OH,45403,2127,(937) 281-1980
3901366,11534,Horizon Science Academy Dayton High School,250 Shoup Mill Rd,Dayton,OH,45415,3517,(937) 281-1480
3901333,10007,Horizon Science Academy Denison Elementary School,2261 Columbus Rd,Cleveland,OH,44113,4230,(216) 661-8840
3901353,9990,Horizon Science Academy Elementary School,2835 Morse Rd,Columbus,OH,43231,6033,(614) 475-4585
3901365,11533,Horizon Science Academy Lorain,760 Tower Blvd,Lorain,OH,44052,5223,(440) 282-4277
3900510,338,Horizon Science Academy Toledo,2600 W Sylvania Ave,Toledo,OH,43613,4300,(419) 474-3350
3901389,11986,Horizon Science Academy Youngstown,3403 Southern Blvd,Youngstown,OH,44507,2044,(330) 782-3003
3900441,804,Horizon Science Academy-Cincinnati,1055 Laidlaw Ave,Cincinnati,OH,45237,5005,(513) 242-0099
3900470,858,Horizon Science Academy-Cleveland Middle School,6100 S Marginal Rd,Cleveland,OH,44103,1043,(216) 432-9940
3900444,808,Horizon Science Academy-Dayton,4751 sue ann blvd,Dayton,OH,45415,,(937) 277-1177
3900454,838,Horizon Science Academy-Denison Middle School,1700 Denison Ave,Cleveland,OH,44109,2925,(216) 739-9911
3900451,825,Horizon Science Academy-Springfield,630 S Reynolds Rd,Toledo,OH,43615,6314,(419) 535-0524
3905016,50161,Howland Local,8200 South St SE,Warren,OH,44484,2447,(330) 856-8200
3904542,45427,Hubbard Exempted Village,108 Orchard Ave,Hubbard,OH,44425,1724,(330) 534-1921
3904875,48751,Huber Heights City,5954 Longford Rd,Huber Heights,OH,45424,2943,(937) 237-6300
3905002,50021,Hudson City,2400 Hudson Aurora Rd,Hudson,OH,44236,2322,(330) 653-1200
3904950,49502,Huntington Local,188 Huntsman Rd,Chillicothe,OH,45601,9378,(740) 663-5892
3904413,44131,Huron City Schools,712 Cleveland Rd E,Huron,OH,44839,1871,(419) 433-1234
3901377,11947,Imagine Akron Academy,1585 Frederick Blvd,Akron,OH,44320,4000,(330) 379-1034
3901437,11948,Imagine Cleveland Academy,3443 E 93rd St,Cleveland,OH,44104,5252,(216) 641-1500
3901521,14139,Imagine Columbus Primary School,4656 Heaton Rd,Columbus,OH,43229,6612,(614) 433-7510
3901488,13173,Imagine Hill Avenue,6145 Hill Ave,Toledo,OH,43615,5600,(419) 867-8167
3901445,12628,Imagine Integrity Academy,1565 Integrity Dr E,Columbus,OH,43209,2707,(877) 644-6338
3901549,14121,Imagine Leadership Academy,2405 Romig Rd,Akron,OH,44320,3826,(877) 644-6338
3901419,12052,Imagine on Superior,1500 Superior Ave NE,Canton,OH,44705,1956,(330) 451-2050
3901466,12545,Imagine Woodbury Academy,100 E Woodbury Dr,Dayton,OH,45415,2841,(877) 644-6338
3901452,12631,Impact Academy Cincinnati,3060 Durrell Ave,Cincinnati,OH,45207,1716,(513) 751-2000
3904656,46565,Independence Local,7733 Stone Rd,Independence,OH,44131,4813,(216) 642-5850
3904780,47803,Indian Creek Local,587 Bantam Ridge Rd,Wintersville,OH,43953,4231,(740) 264-3502
3904543,45435,Indian Hill Exempted Village,6855 Drake Rd,Cincinnati,OH,45243,2737,(513) 272-4500
3904808,48082,Indian Lake Local,6210 State Route 235 N,Lewistown,OH,43333,9704,(937) 686-8601
3905028,50286,Indian Valley Local Schools,PO Box 171,Gnadenhutten,OH,44629,171,(740) 254-4334
3901534,14081,Insight School of Ohio,33 N 3rd St Ste 620,Columbus,OH,43215,3534,(614) 300-2766
3900478,905,Interactive Media & Construction (IMAC),445 Bowman St,Mansfield,OH,44903,1201,(419) 525-0105
3900065,133215,"Intergenerational School, The",11327 Shaker Blvd Ste 200 E.,Cleveland,OH,44104,3805,(216) 721-0120
3900190,143172,International Acad Of Columbus,1201 Shrock Ct,Columbus,OH,43229,,(614) 844-5539
3900052,133835,Invictus High School,3120 Euclid Ave,Cleveland,OH,44115,2508,(216) 539-7200
3904414,44149,Ironton City,105 S 5th St,Ironton,OH,45638,1426,(740) 532-4133
3901575,,iSTEM Geauga Early College High School,8140 Auburn Rd,Concord,OH,44077,9179,(440) 358-8038
3910005,49809,Jackson Center Local,PO Box 849,Jackson Center,OH,45334,849,(937) 596-6053
3904415,44156,Jackson City,450 Vaughn St,Jackson,OH,45640,1944,(740) 286-6442
3904985,49858,Jackson Local,7602 Fulton Dr NW,Massillon,OH,44646,9393,(330) 830-8000
3904832,48322,Jackson-Milton Local,13910 Mahoning Ave,North Jackson,OH,44451,9616,(330) 538-3232
3904920,49205,James A Garfield Local,10235 State Route 88,Garrettsville,OH,44231,9205,(330) 527-4336
3904587,45872,Jefferson Area Local,121 S Poplar St,Jefferson,OH,44047,1328,(440) 576-9180
3905112,51128,Jefferson County,1509 County Highway 22A,Bloomingdale,OH,43910,7965,(740) 264-5545
3904825,48256,Jefferson Local,906 W Main St,West Jefferson,OH,43162,1144,(614) 879-7654
3904868,48686,Jefferson Township Local,2625 S Union Rd,Dayton,OH,45417,5535,(937) 835-5682
3904933,49338,Jennings Local,PO Box 98,Fort Jennings,OH,45844,98,(419) 286-2238
3904798,47985,Johnstown-Monroe Local,441 S Main St,Johnstown,OH,43031,1297,(740) 967-6846
3904826,48264,Jonathan Alder Local,9200 US Route 42 S,Plain City,OH,43064,,(614) 873-5621
3905017,50179,Joseph Badger Local,7119 State Route 7,Kinsman,OH,44428,9788,(330) 876-2800
3904934,49346,Kalida Local,PO Box 269,Kalida,OH,45853,269,(419) 532-3534
3904679,46797,Kelleys Island Local,2900 Columbus Ave,Sandusky,OH,44870,5554,(419) 746-2730
3904719,47191,Kenston Local,17419 Snyder Rd,Chagrin Falls,OH,44023,2730,(440) 543-9677
3904416,44164,Kent City,321 N Depeyster St,Kent,OH,44240,2514,(330) 673-6515
3910025,44172,Kenton City,222 W Carrol St,Kenton,OH,43326,1202,(419) 673-0775
3904418,44180,Kettering City,3750 Far Hills Ave,Kettering,OH,45429,2506,(937) 499-1430
3904816,48165,Keystone Local,PO Box 65,Lagrange,OH,44050,65,(440) 355-5131
3900314,576,King Academy Community School,224 W Liberty St,Cincinnati,OH,45202,6990,(513) 421-7519
3905043,50435,Kings Local,1797 King Ave,Kings Mills,OH,45034,,(513) 398-8050
3901330,9997,KIPP Columbus,2750 Agler Rd,Columbus,OH,43224,4616,(614) 263-6137
3904787,47878,Kirtland Local,9252 Chillicothe Rd,Kirtland,OH,44094,9298,(440) 256-3360
3901347,9957,Klepinger Community School,3650 Klepinger Rd,Dayton,OH,45416,1919,(937) 610-1710
3905114,51144,Knox County JVSD,306 Martinsburg Rd,Mount Vernon,OH,43050,4225,(740) 397-5820
3901339,10205,L. Hollingworth School for Talented and Gifted,653 Miami St,Toledo,OH,43605,2277,(419) 705-3411
3905024,50245,LaBrae Local,1001 N Leavitt Rd,Leavittsburg,OH,44430,9644,(330) 898-1393
3900214,143503,Lake Erie Academy,2740 W Central Ave,Toledo,OH,43606,3452,(419) 475-3786
3901499,13132,Lake Erie College Preparatory School,14405 Saint Clair Ave,Cleveland,OH,44110,3433,(877) 644-6338
3900277,151183,Lake Erie International High School,11650 Detroit Ave,Cleveland,OH,44102,2320,(216) 539-7229
3904986,49866,Lake Local,436 King Church Ave SW,Uniontown,OH,44685,8220,(330) 877-9383
3905069,50690,Lake Local,28090 Lemoyne Rd,Millbury,OH,43447,9747,(419) 661-6690
3901363,11511,Lakeland Academy Community School,101 E Main St,Freeport,OH,43973,9355,(740) 658-1042
3901564,14913,Lakeshore Intergenerational School,18025 Marcella Rd,Cleveland,OH,44119,2615,(216) 586-3872
3905018,50187,Lakeview Local,300 Hillman Dr,Cortland,OH,44410,1562,(330) 637-8741
3904419,44198,Lakewood City,1470 Warren Rd,Lakewood,OH,44107,3918,(216) 529-4092
3900568,942,Lakewood City Academy,13701 Lake Ave,Lakewood,OH,44107,1440,(216) 529-4037
3900282,151233,Lakewood Digital Academy,PO Box 70,Hebron,OH,43025,70,(740) 928-1915
3904799,47993,Lakewood Local,PO Box 70,Hebron,OH,43025,70,(740) 928-5878
3904611,46110,Lakota Local,5572 Princeton Rd,Liberty Township,OH,45011,9726,(513) 874-5505
3904956,49569,Lakota Local,5200 County Road 13,Kansas,OH,44841,9617,(419) 986-6650
3904420,44206,Lancaster City,345 E Mulberry St,Lancaster,OH,43130,3166,(740) 687-7300
3901411,12038,Langston Hughes High School,11801 Buckeye Rd,Cleveland,OH,44120,2620,(216) 721-0845
3905118,51185,Lawrence County,11627 State Route 243,Chesapeake,OH,45619,7962,(740) 867-6641
3901531,14094,Lawrence County Academy,11627 State Route 243,Chesapeake,OH,45619,7962,(740) 867-6641
3904421,44214,Lebanon City,700 Holbrook Ave,Lebanon,OH,45036,1648,(513) 934-5770
3910007,45443,Leetonia Exempted Village,450 Walnut St,Leetonia,OH,44431,1075,(330) 427-6594
3904935,49353,Leipsic Local,232 Oak St,Leipsic,OH,45856,1312,(419) 943-2165
3904943,49437,Lexington Local,103 Clever Ln,Lexington,OH,44904,1209,(419) 884-2132
3904758,47589,Liberty Center Local,PO Box 434,LIBERTY CENTER,OH,43532,434,(419) 533-5011
3905019,50195,Liberty Local,4115 Shady Rd,Youngstown,OH,44505,1353,(330) 759-0807
3901551,13962,Liberty Preparatory School,PO Box 374,Smithville,OH,44677,374,(330) 669-0055
3904688,46888,Liberty Union-Thurston Local,1108 S Main St,Baltimore,OH,43105,9700,(740) 862-4171
3904744,47449,Liberty-Benton Local,9190 County Road 9,Findlay,OH,45840,8811,(419) 422-8526
3904800,48009,Licking Heights Local,6539 Summit Rd SW,Pataskala,OH,43062,8767,(740) 927-6926
3904801,48017,Licking Valley Local,1379 Licking Valley Rd,Newark,OH,43055,9450,(740) 763-3525
3900175,142901,Life Skills Center  of Canton,1100 Cleveland Ave NW,Canton,OH,44702,1816,(330) 456-4490
3900643,8282,Life Skills Center of Columbus North,1900 E Dublin Granville Rd Ste,Columbus,OH,43229,3553,(614) 891-9041
3900381,664,Life Skills Center of Columbus Southeast,2400 S Hamilton Rd,Columbus,OH,43232,4963,(614) 863-9175
3900448,813,Life Skills Center of Dayton,1721 N Main St,Dayton,OH,45405,4143,(937) 274-2841
3900176,142919,Life Skills Center of Elyria,2015 W River Rd N,Elyria,OH,44035,2309,(440) 324-1755
3900189,143164,Life Skills Center Of Hamilton County,7710 Reading Rd,Cincinnati,OH,45237,6800,(513) 821-6695
3900593,8063,Life Skills Center of North Akron,1458 Brittain Rd,Akron,OH,44310,3641,(330) 633-5990
3900278,151191,Life Skills Center Of Summit County,2168 Romig Rd,Akron,OH,44320,3879,(330) 745-3678
3900231,149302,Life Skills Center Of Toledo,1830 Adams St,Toledo,OH,43624,1428,(419) 241-5504
3900086,133785,Life Skills Ctr Of Cincinnati,2612 Gilbert Ave,Cincinnati,OH,45206,1205,(513) 475-0222
3900050,133801,Life Skills Ctr Of Youngstown,3405 Market St,Youngstown,OH,44507,2009,(330) 743-6698
3901510,13226,Life Skills High School of Cleveland,4600 Carnegie Ave,Cleveland,OH,44103,4371,(216) 431-7571
3901546,14062,Life Skills High School of Middletown,631 S Breiel Blvd,Middletown,OH,45044,5113,(513) 423-1800
3900279,151209,Life Skills Of Northeast Ohio,12201 Larchmere Blvd,Cleveland,OH,44120,1101,(216) 421-7587
3900084,133488,Life Skills Of Trumbull County,458 Franklin St SE,Warren,OH,44483,5715,(330) 392-0231
3901359,11479,LifeLinks Community School,205 W Crawford St,Van Wert,OH,45891,1903,(419) 623-5380
3900077,133389,Lighthouse Community Sch Inc,6100 Desmond St,Cincinnati,OH,45227,1897,(513) 561-7888
3904422,44222,Lima City,755 Saint Johns Ave,Lima,OH,45804,1552,(419) 996-3400
3901543,14065,Lincoln Park Academy,3185 W 41st St,Cleveland,OH,44109,1275,(216) 263-7008
3900051,133819,Lincoln Preparatory School,4215 Robert Ave,Cleveland,OH,44109,1255,(216) 772-1336
3910022,50369,Lincolnview Local,15945 Middle Point Rd,Van Wert,OH,45891,9769,(419) 968-2226
3904545,45450,Lisbon Exempted Village,317 N Market St,Lisbon,OH,44432,1145,(330) 424-7714
3905044,50443,Little Miami Local,7247 Zoar Rd,Maineville,OH,45039,8098,(513) 899-2264
3904423,44230,Lockland Local,210 N Cooper Ave,Cincinnati,OH,45215,3011,(513) 563-5000
3904908,49080,Logan Elm Local,9579 Tarlton Rd,Circleville,OH,43113,9448,(740) 474-7501
3904424,44248,Logan-Hocking Local,2019 E Front St,Logan,OH,43138,,(740) 385-8517
3900262,151027,London Academy,40 S Walnut St,London,OH,43140,1246,(740) 852-5703
3904425,44255,London City,380 Elm St 2nd Fl,London,OH,43140,9220,(740) 852-5700
3904426,44263,Lorain City,2350 Pole Ave,Lorain,OH,44052,4301,(440) 233-2271
3905122,51227,Lorain County JVS,15181 State Route 58,Oberlin,OH,44074,9753,(440) 774-1051
3900273,151142,Lorain K-12 Digital Academy,1800 West 40th Street,Lorain,OH,44053,,(440) 282-4087
3900587,8000,Lorain Preparatory Academy,4125 Leavitt Rd Bldg 2,Lorain,OH,44053,2341,(440) 282-3127
3905020,50203,Lordstown Local,1824 Salt Springs Rd,Warren,OH,44481,9735,(330) 824-2534
3904546,45468,Loudonville-Perrysville Exempted Village,210 E Main St,Loudonville,OH,44842,1245,(419) 994-3912
3904987,49874,Louisville City,407 E Main St,Louisville,OH,44641,1419,(330) 875-9687
3904427,44271,Loveland City,757 S Lebanon Rd,Loveland,OH,45140,9308,(513) 683-5600
3904833,48330,Lowellville Local,52 Rocket Place,Lowellville,OH,44436,,(330) 536-6318
3904944,49445,Lucas Local,84 Lucas North Rd,Lucas,OH,44843,9532,(419) 892-2338
3904763,47639,Lynchburg-Clay Local,PO Box 515,Lynchburg,OH,45142,515,(937) 364-2338
3904870,48702,Mad River Local,801 Harshman Rd,Dayton,OH,45431,1238,(937) 259-6606
3904428,44289,Madeira City,7465 Loannes Dr,Cincinnati,OH,45243,1851,(513) 985-6070
3901346,9955,Madison Avenue School of Arts,1511 Madison Ave,Toledo,OH,43604,4433,(419) 259-4000
3904788,47886,Madison Local,1956 Red Bird Rd,Madison,OH,44057,2122,(440) 428-2166
3904612,46128,Madison Local,1324 Middletown Eaton Rd,Middletown,OH,45042,1525,(513) 420-4750
3904945,49452,Madison Local,1379 Grace St,Mansfield,OH,44905,2742,(419) 589-2600
3904827,48272,Madison-Plains Local,55 Linson Rd,London,OH,43140,9751,(740) 852-0290
3905124,51243,Mahoning Co Career & Tech Ctr,7300 N Palmyra Rd,Canfield,OH,44406,9746,(330) 729-4000
3901329,9996,Mahoning County High School,940 Bryn Mawr Ave,Youngstown,OH,44505,4277,(330) 965-2860
3900146,148999,Mahoning Unlimited Classroom,7401 Market St RM 519,Youngstown,OH,44512,5651,(330) 965-7828
3900639,8251,Mahoning Valley Opportunity Center,496 Glenwood Ave,Youngstown,OH,44502,1509,(330) 744-7656
3901511,14066,Main Street Preparatory Academy,388 S Main St,Akron,OH,44311,1064,(234) 738-1925
3900537,442,Manchester Local,130 Wayne Frye Dr,Manchester,OH,45144,9314,(937) 549-4777
3905000,50005,Manchester Local,6075 Manchester Rd,Akron,OH,44319,4654,(330) 882-6926
3904429,44297,Mansfield City,PO Box 1448,Mansfield,OH,44901,1448,(419) 525-6400
3900525,396,Mansfield Elective Academy,445 Bowman St,Mansfield,OH,44903,1201,(567) 247-4475
3900523,392,Mansfield Enhancement Academy,445 Bowman St,Mansfield,OH,44903,1201,(419) 525-0105
3904430,44305,Maple Heights City,5740 Lawn Ave,Maple Heights,OH,44137,3870,(216) 587-6100
3904583,45831,Mapleton Local,635 County Road 801,Ashland,OH,44805,9571,(419) 945-2188
3905139,51391,Maplewood Career Center,7075 State Route 88,Ravenna,OH,44266,9188,(330) 296-2892
3905021,50211,Maplewood Local,2414 Greenville Rd,Cortland,OH,44410,9648,(330) 637-7506
3904680,46805,Margaretta Local,305 S Washington St,Castalia,OH,44824,9263,(419) 684-5322
3904431,44313,Mariemont City,2 Warrior Way,Cincinnati,OH,45227,3600,(513) 272-7500
3910019,44321,Marietta City,111 Academy Dr,Marietta,OH,45750,8053,(740) 374-6500
3904433,44339,Marion City,420 Presidential Dr,Marion,OH,43302,5173,(740) 387-3300
3900226,148916,Marion City Digital Academy,360 Pennsylvania Ave,Marion,OH,43302,5530,(740) 223-4417
3910031,48553,Marion Local,7956 State Route 119,Maria Stein,OH,45860,9710,(419) 925-4294
3900428,770,"Maritime Academy of Toledo, The",803 Water St,Toledo,OH,43604,1831,(419) 244-9999
3904988,49882,Marlington Local,10320 Moulin Ave NE,Alliance,OH,44601,5906,(330) 823-7458
3900101,132803,Marshall High School,4720 Roosevelt Blvd,Middletown,OH,45044,6250,(513) 318-7078
3904434,44347,Martins Ferry City,5001 Ayers Limestone Rd,Martins Ferry,OH,43935,1588,(740) 633-1732
3904547,45476,Marysville Exempted Village,1000 Edgewood Dr,Marysville,OH,43040,2105,(937) 644-8105
3905045,50450,Mason City School District,211 N East St,Mason,OH,45040,1760,(513) 398-0474
3904435,44354,Massillon City,930 17th St NE,Massillon,OH,44646,4853,(330) 830-3900
3900259,149427,"Massillon Digital Academy, Inc",930 17th St NE,Massillon,OH,44646,4853,(330) 830-3900
3905015,50153,Mathews Local,4434B Warren Sharon Rd,Vienna,OH,44473,9644,(330) 394-1800
3904436,44362,Maumee City,716 Askin St,Maumee,OH,43537,3602,(419) 893-3200
3904437,44370,Mayfield City,1101 S.O.M. Center Road,Mayfield Heights,OH,44124,2006,(440) 995-7201
3904885,48850,Maysville Local,3715 Panther Dr,Zanesville,OH,43701,7086,(740) 453-0754
3904745,47456,McComb Local,328 S Todd St,McComb,OH,45858,877,(419) 293-3979
3905022,50229,McDonald Local,600 Iowa Ave,Mc Donald,OH,44437,1677,(330) 530-8051
3904548,45484,Mechanicsburg Exempted Village,60 High St,Mechanicsburg,OH,43044,1071,(937) 834-2453
3904438,44388,Medina City SD,739 Weymouth Rd,Medina,OH,44256,2037,(330) 636-3031
3906210,62109,Medina County Joint Vocational School District,1101 W Liberty St,Medina,OH,44256,1346,(330) 725-8461
3904852,48520,Meigs Local,41765 Pomeroy Pike,Pomeroy,OH,45769,9411,(740) 992-2153
3901544,13906,Melrose Preparatory Academy,2601 Melrose Ave,Walnut Hills,OH,45206,1628,(877) 644-6338
3900505,318,Menlo Park Academy,14440 Triskett Rd,Cleveland,OH,44111,2263,(440) 925-6365
3904549,45492,Mentor Exempted Village,6451 Center St,Mentor,OH,44060,4109,(440) 255-4444
3901490,12391,Metro Early College High School,1929 Kenny Rd,Columbus,OH,43210,1015,(614) 259-6639
3901572,,Metro Institute of Technology,303 S Grant Ave,Columbus,OH,43215,5507,(877) 644-6338
3904862,48629,Miami East Local,3825 N State Route 589,Casstown,OH,45312,9707,(937) 335-7505
3910010,46920,Miami Trace Local,3818 State Route 41 NW,Washington Court House,OH,43160,9184,(740) 335-3010
3900241,132944,Miami Valley Academies,5656 Springboro Pike,Dayton,OH,45449,2806,(937) 294-4522
3905128,51284,Miami Valley Career Tech,6800 Hoke Rd,Englewood,OH,45315,8975,(937) 837-7781
3904439,44396,Miamisburg City,540 E. Park Ave,Miamisburg,OH,45342,2854,(937) 866-3381
3900514,360,Miamisburg Secondary Academy,540 Park Ave,Miamisburg,OH,45342,2854,(937) 866-3381
3904895,48959,Middle Bass Local,985 Fox Rd,Middle Bass,OH,43446,,(419) 285-2810
3900027,134213,Middlebury Academy,88 Kent St,Akron,OH,44305,2544,(330) 752-2766
3904440,44404,Middletown City,1 Donham Plz 4th Fl,Middletown,OH,45042,1932,(513) 423-0781
3900194,143214,Middletown Fitness & Prep Acad,816 2nd Ave,Middletown,OH,45044,4201,(513) 424-6110
3905130,51300,Mid-East Career and Technology Centers,400 Richards Rd,Zanesville,OH,43701,4645,(740) 454-0105
3900435,780,Midnimo Cross Cultural Community School,1500 W 3rd Ave Ste 125,Columbus,OH,43212,2883,(614) 261-7480
3904817,48173,Midview Local,13050 Durkee Rd,Grafton,OH,44044,1122,(877) 644-6338
3904550,45500,Milford Exempted Village,777 Garfield Ave,Milford,OH,45150,1607,(513) 831-1314
3905063,50633,Millcreek-West Unity Local,1401 W Jackson St,West Unity,OH,43570,9465,(419) 924-2365
3900036,133561,Millennium Community School,3500 Refugee Rd,Columbus,OH,43232,4862,(614) 255-5585
3904936,49361,Miller City-New Cleveland Local,PO Box 38,Miller City,OH,45864,38,(419) 876-3172
3904551,45518,Milton-Union Exempted Village,7610 Milton Potsdam Rd,West Milton,OH,45383,9602,(937) 884-7910
3904989,49890,Minerva Local,406 East St,Minerva,OH,44657,1429,(330) 868-4332
3904962,49627,Minford Local,PO Box 204,Minford,OH,45653,204,(740) 820-3896
3904594,45948,Minster Local,50 E 7th St,Minster,OH,45865,1095,(419) 628-3397
3904667,46672,Mississinawa Valley Local,1469 State Road 47 E,Union City,OH,45390,8628,(937) 968-5656
3905003,50039,Mogadore Local,1 S Cleveland Ave,Mogadore,OH,44260,1514,(330) 628-9945
3905074,50740,Mohawk Local,605 State Highway 231,Sycamore,OH,44882,9434,(419) 927-2414
3900094,139303,Monroe Local School District,500 Yankee Rd,Monroe,OH,45050,1068,(513) 539-2536
3904771,47712,Monroeville Local,101 West St,Monroeville,OH,44847,9797,(419) 465-2610
3904552,45526,Montpelier Exempted Village,PO Box 193,Montpelier,OH,43543,193,(419) 485-3676
3904877,48777,Morgan Local,PO Box 509,Mc Connelsville,OH,43756,509,(740) 962-2782
3900186,143131,Mound Street Health Careers Acadmy,354 Mound St,Dayton,OH,45407,3325,(937) 223-3041
3900184,143115,Mound Street IT Careers Academy,354 Mound St,Dayton,OH,45407,3325,(937) 223-3041
3900185,143123,Mound Street Military Careers Academy,354 Mound St,Dayton,OH,45407,3325,(937) 223-3041
3901336,10180,Mount Auburn International Academy,244 Southern Ave,Cincinnati,OH,45219,3023,(513) 241-5500
3904553,45534,Mount Gilead Exempted Village,145 N Cherry St,Mount Gilead,OH,43338,1266,(419) 946-1646
3910012,44420,Mount Vernon City,300 Newark Rd,Mount Vernon,OH,43050,4510,(740) 397-7422
3904441,44412,Mt Healthy City,7615 Harrison Ave,Cincinnati,OH,45231,3107,(513) 729-0077
3900575,953,Mt. Healthy Preparatory and Fitness Academy,7601 Harrison Ave,Cincinnati,OH,45231,3107,(513) 587-6280
3904443,44438,Napoleon Area City,701 Briarheath Ave Ste 108,Napoleon,OH,43545,1251,(419) 599-7015
3904927,49270,National Trail Local,6940 Oxford Gettysburg Rd,New Paris,OH,45347,9065,(937) 437-3333
3901405,12030,Near West Intergenerational School,3805 Terrett Ave,Cleveland,OH,44113,2847,(216) 961-4308
3904444,44446,Nelsonville-York City,2 Buckeye Dr,Nelsonville,OH,45764,9591,(740) 753-4441
3904699,46995,New Albany-Plain Local,55 N High St,New Albany,OH,43054,7099,(614) 855-2040
3901410,12037,New Beginnings Academy,4707 Hilton Corporate Dr,Columbus,OH,43232,4152,(614) 237-9540
3904446,44461,New Boston Local,#1 Glenwood Tiger Trail,New Boston,OH,45662,,(740) 456-4626
3904595,45955,New Bremen Local,901 E Monroe St,New Bremen,OH,45869,9685,(419) 629-8606
3900382,677,New Day Academy Boarding & Day School,8566 Barbara Dr,Euclid,OH,44060,1917,(216) 797-1602
3904596,45963,New Knoxville Local,345 S Main St,New Knoxville,OH,45871,476,(419) 753-2431
3904871,48710,New Lebanon Local,320 S Fuls Rd,New Lebanon,OH,45345,,(937) 687-1301
3904447,44479,New Lexington City,PO Box 630,New Lexington,OH,43764,630,(740) 342-4133
3904772,47720,New London Local,2 Wildcat Dr,New London,OH,44851,9262,(419) 929-8433
3904613,46136,New Miami Local,600 Seven Mile Ave,Hamilton,OH,45011,5748,(513) 863-0833
3904448,44487,New Philadelphia City,248 Front Ave SW,New Philadelphia,OH,44663,2150,(330) 364-0600
3904555,45559,New Richmond Exempted Village,212 Market St Fl 3RD,New Richmond,OH,45157,1373,(513) 553-2616
3904971,49718,New Riegel Local,44 N Perry St,New Riegel,OH,44853,9776,(419) 595-2265
3904445,44453,Newark City,621 Mount Vernon Rd,Newark,OH,43055,4615,(740) 670-7000
3900133,162,Newark Digital Academy,255 Woods Ave,Newark,OH,43055,4436,(740) 328-2022
3901447,12536,Newbridge Math & Reading Preparatory Academy,3850 Sullivant Ave,Columbus,OH,43228,4327,(614) 279-6000
3904721,47217,Newbury Local,14775 Auburn Rd,Newbury,OH,44065,9702,(440) 564-5501
3904554,45542,Newcomerstown Exempted Village,702 S River St,Newcomerstown,OH,43832,1450,(740) 498-8373
3904556,45567,Newton Falls Exempted Village,909 1/2 Milton Blvd,Newton Falls,OH,44444,9707,(330) 872-5445
3904863,48637,Newton Local,PO Box 803,Pleasant Hill,OH,45359,803,(937) 676-2002
3901496,13199,Nexus Academy of Cleveland,3615 Superior Ave E Bldg 44,Cleveland,OH,44114,4138,(877) 644-6338
3901483,13201,Nexus Academy of Columbus,4689 Hilton Corporate Dr,Columbus,OH,43232,4152,(877) 644-6338
3901467,13200,Nexus Academy of Toledo,600 Jefferson Ave,Toledo,OH,43604,1071,(877) 644-6338
3904449,44495,Niles City,309 N Rhodes Ave,Niles,OH,44446,3821,(330) 989-5095
3900646,8278,Noble Academy-Cleveland,1200 E 200th St,Euclid,OH,44117,1111,(216) 486-8866
3900645,8280,Noble Academy-Columbus,1329 Bethel Rd,Columbus,OH,43220,2611,(614) 326-0687
3904890,48900,Noble Local,20977 Zep Rd E,Sarahsville,OH,43779,9702,(740) 732-2084
3905004,50047,Nordonia Hills City,9370 Olde Eight Rd,Northfield,OH,44067,,(330) 467-0580
3905070,50708,North Baltimore Local,201 S Main St,North Baltimore,OH,45872,1354,(419) 257-3531
3904896,48967,North Bass Local,515 Kenny Rd,Isle St George,OH,43436,,(419) 285-2750
3904450,44503,North Canton City,525 7th St NE,North Canton,OH,44720,2012,(330) 497-5600
3901420,12054,North Central Academy,928 W Market St Ste B,Tiffin,OH,44883,2529,(419) 448-5786
3905064,50641,North Central Local,400 E Baubice St,Pioneer,OH,43554,9637,(419) 737-2392
3904451,44511,North College Hill City,1731 Goodman Ave,Cincinnati,OH,45239,4844,(513) 931-8181
3900216,143529,North Dayton School Of Science & Discovery,3901 Turner Rd,Dayton,OH,45415,3654,(937) 278-6671
3904802,48025,North Fork Local,PO Box 497,Utica,OH,43080,497,(740) 892-3666
3904452,44529,North Olmsted City,27425 Butternut Ridge Rd,North Olmsted,OH,44070,3154,(440) 779-3549
3904453,44537,North Ridgeville City,5490 Mills Creek Ln,North Ridgeville,OH,44039,2339,(440) 327-4444
3904454,44545,North Royalton City,6579 Royalton Rd,North Royalton,OH,44133,4925,(440) 237-8800
3905033,50336,North Union Local,12920 State Route 739,Richwood,OH,43344,9728,(740) 943-2509
3901376,11923,Northeast Ohio College Preparatory School,2280 Professor Ave,Cleveland,OH,44113,4467,(216) 965-0580
3904672,46722,Northeastern Local,5921 Domersville Rd,Defiance,OH,43512,9121,(419) 497-3461
3904625,46250,Northeastern Local,1414 Bowman Rd,Springfield,OH,45502,8826,(937) 325-7615
3904905,49056,Northern Local,8700 Sheridan Dr,Thornville,OH,43076,9757,(740) 743-1303
3900552,511,Northland Preparatory and Fitness Academy,1875 Morse Rd,Columbus,OH,43229,6603,(614) 318-0600
3904872,48728,Northmont City,4001 Old Salem Rd,Englewood,OH,45322,2681,(937) 832-5000
3901537,14051,Northmont Secondary Academy,4001 Old Salem Rd,Englewood,OH,45322,2681,(877) 644-6338
3904881,48819,Northmor Local,5247 County Road 29,Galion,OH,44833,9742,(419) 946-8861
3901319,9147,Northpointe Academy,3648 Victory Ave,Toledo,OH,43607,2564,(419) 535-1997
3904803,48033,Northridge Local,6066 Johnstown Utica Rd,Johnstown,OH,43031,9408,(740) 967-6631
3904873,48736,Northridge Local,2011 Timber Ln,Dayton,OH,45414,4528,(937) 278-5885
3904963,49635,Northwest Local,800 Mohawk Dr,Mc Dermott,OH,45652,9000,(877) 644-6338
3904990,49908,Northwest Local,2309 Locust St S,Canal Fulton,OH,44614,9389,(330) 854-2291
3904736,47365,Northwest Local,3240 Banning Rd,Cincinnati,OH,45239,5207,(513) 923-1000
3904626,46268,Northwestern Local,5610 Troy Rd,Springfield,OH,45502,9032,(937) 964-1318
3910033,50575,Northwestern Local,7571 N Elyria Rd,West Salem,OH,44287,9707,(419) 846-3151
3905071,50716,Northwood Local Schools,500 Lemoyne Rd,Northwood,OH,43619,1810,(419) 691-3888
3904455,44552,Norton City,4128 Cleveland Massillon Rd,Norton,OH,44203,5633,(330) 825-0863
3904456,44560,Norwalk City,134 Benedict Ave,Norwalk,OH,44857,2349,(419) 668-2779
3905056,50567,Norwayne Local,350 S Main St,Creston,OH,44217,9665,(330) 435-6382
3904457,44578,Norwood City,2132 Williams Ave,Norwood,OH,45212,3806,(513) 924-2500
3901559,14912,Norwood Conversion Community School,2132 Williams Ave,Norwood,OH,45212,3806,(877) 644-6338
3904776,47761,Oak Hill Union Local,205 Western Ave,Oak Hill,OH,45656,1068,(740) 682-7595
3904737,47373,Oak Hills Local,6325 Rapid Run Rd,Cincinnati,OH,45233,4555,(513) 574-3200
3901439,12626,OAK Leadership Institute,8610 Hough Ave,Cleveland,OH,44106,1566,(877) 644-6338
3900383,679,Oakstone Community School,5747 Cleveland Ave,Columbus,OH,43231,2831,(614) 458-1085
3904458,44586,Oakwood City,20 Rubicon Rd,Dayton,OH,45409,2239,(937) 297-5332
3904459,44594,Oberlin City Schools,153 N Main St,Oberlin,OH,44074,1173,(440) 774-1458
3901487,13253,Ohio College Preparatory School,21100 Southgate Park Blvd,Maple Heights,OH,44137,3004,(216) 337-9066
3900250,236,"Ohio Connections Academy, Inc",3740 Euclid Ave Ste 101,Cleveland,OH,44115,2229,(513) 234-4900
3901530,14067,Ohio Construction Academy,1725 Jetway Blvd,Columbus,OH,43219,1674,(877) 644-6338
3901538,14146,Ohio Cyber Academy,2023 Sunset Blvd,Steubenville,OH,43952,1349,(877) 644-6338
3905133,51334,Ohio Hi-Point Career Center,2280 State Route 540,Bellefontaine,OH,43311,9508,(937) 599-3010
3901578,,Ohio Valley Energy Technology Academy,10692 State Route 150,Rayland,OH,43943,7847,(740) 769-7395
3900180,142950,Ohio Virtual Academy,1690 Woodlands Dr Ste 200,Maumee,OH,43537,4045,(877) 648-2512
3910021,49726,Old Fort Local,PO Box 64,Old Fort,OH,44861,64,(419) 992-4291
3904676,46763,Olentangy Local,814 Shanahan Rd Ste 100,Lewis Center,OH,43035,9078,(740) 657-4050
3904657,46573,Olmsted Falls City,PO Box 38010,Olmsted Falls,OH,44138,10,(440) 427-6000
3901541,14072,Olympus K-12 Online School,1620 E Dublin Granville Rd,Columbus,OH,43229,3503,(877) 644-6338
3904947,49478,Ontario Local,457 Shelby Ontario Rd,Mansfield,OH,44906,1029,(419) 747-4311
3910016,46581,Orange City,32000 Chagrin Blvd,Cleveland,OH,44124,5922,(216) 831-8600
3904460,44602,Oregon City,5721 Seaman St,Oregon,OH,43616,2631,(419) 693-0661
3900308,559,Orion Academy,1798 Queen City Ave,Cincinnati,OH,45214,1427,(513) 251-6000
3904461,44610,Orrville City,815 N Ella St,Orrville,OH,44667,1154,(330) 682-4651
3904991,49916,Osnaburg Local,310 Browning Ct N,East Canton,OH,44730,1248,(330) 488-1609
3905072,50724,Otsego Local,PO Box 290,Tontogany,OH,43565,290,(419) 823-4381
3904821,48215,Ottawa Hills Local,3600 Indian Rd,Toledo,OH,43606,2425,(419) 536-6371
3904937,49379,Ottawa-Glandorf Local,630 Glendale Ave,Ottawa,OH,45875,1162,(419) 523-5261
3904938,49387,Ottoville Local,PO Box 248,Ottoville,OH,45876,248,(419) 453-3356
3910015,44628,Painesville City Local,58 Jefferson St,Painesville,OH,44077,3114,(440) 392-5060
3904951,49510,Paint Valley Local,7454 Us Highway 50 W,Bainbridge,OH,45612,9708,(740) 634-2826
3904939,49395,Pandora-Gilboa Local,410 Rocket Ridge,Pandora,OH,45877,389,(419) 384-3227
3900567,941,Par Excellence Academy,96 Maholm St,Newark,OH,43055,3906,(740) 344-7279
3904857,48579,Parkway Local,400 Buckeye St,Rockford,OH,45882,9267,(419) 363-3045
3904463,44636,Parma City,5311 Longwood Avenue,Parma,OH,44134,932,(440) 842-5300
3900129,138,Pathway School of Discovery,173 Avondale Dr,Dayton,OH,45404,2123,(937) 235-5498
3904759,47597,Patrick Henry Local,6900 State Route 18,Hamler,OH,43524,9781,(419) 274-5451
3901417,12045,Patriot Preparatory Academy,4938 Beatrice Dr,Columbus,OH,43227,2113,(614) 864-5332
3904557,45575,Paulding Exempted Village,405 N Water St,Paulding,OH,45879,1251,(419) 399-4656
3901456,12556,Pearl Academy,4850 Pearl Rd,Cleveland,OH,44109,5135,(216) 741-2991
3901518,13914,Pegasus Academy,6118 Cedar Point Rd,Oregon,OH,43616,5201,(877) 644-6338
3905135,51359,Penta Career Center - District,9301 Buck Rd,Perrysburg,OH,43551,3841,(419) 661-6350
3901337,10182,Performance Academy Eastland,2220 S Hamilton Rd,Columbus,OH,43232,4304,(614) 314-6301
3904681,46813,Perkins Local,3714 Campbell St Ste B,Sandusky,OH,44870,7232,(419) 625-0484
3904578,45781,Perry Local,2770 E Breese Rd,Lima,OH,45806,9743,(419) 221-2770
3904790,47902,Perry Local,4325 Manchester Ave,Perry,OH,44081,9413,(440) 259-3881
3904992,49924,Perry Local,4201 13th St SW,Massillon,OH,44646,3447,(330) 477-8121
3904558,45583,Perrysburg Exempted Village,140 E Indiana Ave,Perrysburg,OH,43551,2261,(419) 874-9131
3904707,47076,Pettisville Local,Box 53001,Pettisville,OH,43553,1,(419) 446-2705
3900126,130,Phoenix Academy Community School,1505 Jefferson Ave,Toledo,OH,43604,5722,(419) 720-4500
3900113,133504,Phoenix Community Learning Ctr,3595 Washington Ave,Cincinnati,OH,45229,2609,(513) 351-5801
3905143,51433,Pickaway-Ross County JVSD,895 Crouse Chapel Rd,Chillicothe,OH,45601,9009,(740) 642-1200
3901442,12497,Pickerington Community School,7800 Refugee Rd,Pickerington,OH,43147,7987,(877) 644-6338
3904689,46896,Pickerington Local,90 East St.,Pickerington,OH,43147,1061,(614) 833-2110
3905137,51375,Pike County Area,PO Box 577,Piketon,OH,45661,577,(740) 289-2721
3904708,47084,Pike-Delta-York Local,504 Fernwood St,Delta,OH,43515,1204,(419) 822-3391
3900299,543,Pinnacle Academy,860 E 222nd St,Euclid,OH,44123,3317,(216) 731-0127
3905141,51417,Pioneer Career & Technology,27 Ryan Rd,Shelby,OH,44875,9704,(419) 347-7926
3904464,44644,Piqua City,719 E Ash St,Piqua,OH,45356,2411,(937) 773-4321
3904993,49932,Plain Local,901 44th St NW,Canton,OH,44709,1611,(330) 492-3500
3900263,151035,Pleasant Community Digital,1107 Owens Rd W,Marion,OH,43302,8421,(740) 389-4476
3901372,11436,Pleasant Education Academy,1107 Owens Rd W,Marion,OH,43302,8421,(740) 389-4476
3904842,48421,Pleasant Local,1107 Owens Rd W,Marion,OH,43302,8421,(740) 389-4476
3904946,49460,Plymouth-Shiloh Local,365 Sandusky St,Plymouth,OH,44865,1135,(419) 687-4733
3904834,48348,Poland Local,3199 Dobbins Rd,Poland,OH,44514,2327,(330) 757-7000
3905094,50948,Polaris,7285 Old Oak Blvd,Middleburg Heights,OH,44130,3342,(440) 891-7600
3900125,125,Polly Fox Academy Community School,1505 Jefferson Ave,Toledo,OH,43604,5722,(419) 720-4500
3904465,44651,Port Clinton City,811 Jefferson St,Port Clinton,OH,43452,2415,(419) 732-2102
3906349,63495,Portage Lakes,4401 Shriver Rd,Green,OH,44685,9554,(330) 896-8200
3901513,13907,Portage Path Preparatory Academy,2851 Fulmer Dr,Silver Lake,OH,44224,3701,(877) 644-6338
3910027,44669,Portsmouth City,724 Findlay St,Portsmouth,OH,45662,4113,(740) 354-4727
3904928,49288,Preble Shawnee Local,124 Bloomfield St,Camden,OH,45311,1154,(937) 452-1283
3904467,44677,Princeton City,3900 Cottingham Dr,Cincinnati,OH,45241,1616,(513) 864-1000
3900562,936,Promise Academy,1701 E 13th St,Cleveland,OH,44114,3227,(216) 443-0500
3901523,14148,Provost Academy Ohio,4707 Hilton Corporate Dr,Columbus,OH,43232,4152,(614) 866-7570
3904897,48975,Put-In-Bay Local,PO Box 659,Put-in-Bay,OH,43456,659,(419) 285-3614
3904588,45880,Pymatuning Valley Local,PO Box 1180,Andover,OH,44003,1180,(440) 293-6488
3900252,241,Quaker Digital Academy,248 Front Ave SW,New Philadelphia,OH,44663,2150,(330) 364-0618
3901424,12078,Quest Community School,12000 Snow Rd Ste 415,Parma,OH,44130,9313,(216) 220-4412
3904468,44685,Ravenna City,507 E Main St,Ravenna,OH,44266,3257,(330) 296-9679
3901560,14858,REACH Academy,2014 Consaul St,Toledo,OH,43605,1412,(419) 691-4876
3904469,44693,Reading Community City,1301 Bonnell St,Reading,OH,45215,3322,(513) 554-1800
3901354,11439,Renaissance Academy,1555 Elaine Rd,Columbus,OH,43227,2347,(614) 866-7277
3905005,50054,Revere Local,PO Box 340,Bath,OH,44210,340,(330) 666-4155
3904700,47001,Reynoldsburg City,7244 E Main St,Reynoldsburg,OH,43068,2014,(614) 501-1020
3900047,133736,Richard Allen Academy,184 Salem Ave,Dayton,OH,45406,5804,(937) 586-9815
3900219,143560,Richard Allen Academy II,184 Salem Ave,Dayton,OH,45406,5804,(937) 586-9756
3900220,143578,Richard Allen Academy III,1206 Shuler Ave,Hamilton,OH,45011,4566,(513) 868-2900
3900073,133348,Richard Allen Preparatory,627 Salem Ave,Dayton,OH,45406,5822,(937) 278-4201
3901381,11967,Richland Academy School of Excellence,75 N Walnut St,Mansfield,OH,44902,1211,(419) 522-8224
3904659,46599,Richmond Heights Local,447 Richmond Rd,Richmond Heights,OH,44143,1429,(216) 692-8485
3900275,151167,Ridgedale Community School,3103 Hillman Ford Rd,Morral,OH,43337,9302,(740) 382-6065
3904843,48439,Ridgedale Local,3103 Hillman Ford Rd,Morral,OH,43337,9302,(740) 382-6065
3904750,47506,Ridgemont Local,PO Box 86,Ridgeway,OH,43345,86,(937) 354-2441
3904647,46474,Ridgewood Local,301 S Oak St,West Lafayette,OH,43845,1339,(740) 545-6354
3904607,46078,Ripley-Union-Lewis-Huntington Local,PO Box 85,Ripley,OH,45167,85,(937) 392-4396
3901555,13999,Rise & Shine Academy,3248 Warsaw St,Toledo,OH,43608,1852,(419) 244-9900
3900366,640,Rittman Academy,100 Saurer St,Rittman,OH,44270,1259,(330) 927-7401
3910028,45591,Rittman Exempted Village,100 Saurer St,Rittman,OH,44270,1259,(330) 927-7400
3904844,48447,River Valley Local,197 Brockelsby Road,Caledonia,OH,43314,,(740) 725-5401
3904648,46482,River View Local,26496 State Route 60,Warsaw,OH,43844,9714,(740) 824-3521
3904751,47514,Riverdale Local,20613 State Route 37,Mt Blanchard,OH,45867,9783,(419) 694-4994
3900043,133678,Riverside Academy,3280 River Rd,Cincinnati,OH,45204,1214,(513) 921-7777
3904809,48090,Riverside Local,2096 County Road 24 S,De Graff,OH,43318,9406,(937) 585-5981
3910014,47894,Riverside Local,585 Riverside Dr,Painesville,OH,44077,5323,(440) 352-0668
3901412,12040,Road to Success Academy,1555 Bryden Rd,Columbus,OH,43205,2149,(614) 421-5838
3904794,47944,Rock Hill Local,2325A Co. Rd. 26,Ironton,OH,45638,8385,(740) 532-7030
3904470,44701,Rocky River City,1101 Morewood Pkwy,Rocky River,OH,44116,1439,(440) 333-6000
3904730,47308,Rolling Hills Local,PO Box 38,Cambridge,OH,43723,38,(740) 432-5370
3904921,49213,Rootstown Local,4140 State Route 44,Rootstown,OH,44272,9697,(330) 325-9911
3904614,46144,Ross Local,3371 Hamilton Cleves Rd,Hamilton,OH,45013,9535,(513) 863-1253
3904560,45609,Rossford Exempted Village,401 Glenwood Rd,Rossford,OH,43460,1317,(419) 666-2010
3901356,11444,Rushmore Academy,910 E Church St,Marion,OH,43302,4317,(740) 387-2043
3904981,49817,Russia Local,100 School St,Russia,OH,45363,9811,(937) 526-3156
3910006,44735,Salem City,1226 E State St,Salem,OH,44460,2222,(330) 332-0316
3904474,44743,Sandusky City,407 Decatur St,Sandusky,OH,44870,2442,(419) 626-6940
3904994,49940,Sandy Valley Local,5362 State Route 183 NE,Magnolia,OH,44643,8481,(330) 866-3339
3900385,147231,Schnee Learning Center,2222 Issaquah St,Cuyahoga Falls,OH,44221,3704,(330) 922-1966
3905149,51490,Scioto County Career Technical Center,951 Vern Riffe Dr,Lucasville,OH,45648,8437,(740) 259-5522
3904913,49130,Scioto Valley Local,PO Box 600,Piketon,OH,45661,600,(740) 289-4456
3900123,143644,Sciotoville,224 Marshall St,Portsmouth,OH,45662,5549,(740) 776-6777
3901348,9964,Sciotoville Elementary Academy,5540 3rd St,Sciotoville,OH,45662,5402,(740) 776-2916
3904835,48355,Sebring Local,510 N 14th St,Sebring,OH,44672,1400,(330) 938-6165
3904968,49684,Seneca East Local,13343 E US Highway 224,Attica,OH,44807,9301,(419) 426-7041
3904600,46003,Shadyside Local,3890 Lincoln Ave,Shadyside,OH,43947,1319,(740) 676-3121
3904475,44750,Shaker Heights City,15600 Parkland Dr,Shaker Heights,OH,44120,2529,(216) 295-4000
3904579,45799,Shawnee Local,3255 Zurmehly Rd,Lima,OH,45806,1434,(419) 998-8031
3904476,44768,Sheffield-Sheffield Lake City,1824 Harris Rd,Sheffield Village,OH,44054,2628,(440) 949-6181
3910009,44776,Shelby City,25 High School Ave,Shelby,OH,44875,1576,(419) 342-3520
3910003,44784,Sidney City,750 S 4th Ave,Sidney,OH,45365,1163,(937) 497-2200
3904660,46607,Solon City,33800 Inwood Dr,Solon,OH,44139,4133,(440) 248-1600
3904773,47738,South Central Local,3305 Greenwich Angling Rd,Greenwich,OH,44837,9443,(419) 752-3815
3904479,44792,South Euclid-Lyndhurst City,5044 Mayfield Rd,Lyndhurst,OH,44124,2605,(216) 691-2000
3904795,47951,South Point Local,302 High St,South Point,OH,45680,,(740) 377-4315
3904836,48363,South Range Local,11300 Columbiana Canfield Rd S,Canfield,OH,44406,8485,(330) 549-5226
3900644,8281,South Scioto Academy,707 E Jenkins Ave,Columbus,OH,43207,1318,(614) 445-7684
3905058,50583,Southeast Local,9048 Dover Rd,Apple Creek,OH,44606,9408,(330) 698-3001
3904922,49221,Southeast Local,8245 Tallmadge Rd,Ravenna,OH,44266,8547,(330) 654-5841
3904952,49528,Southeastern Local,2003 Lancaster Rd,Chillicothe,OH,45601,9092,(740) 774-2003
3904627,46276,Southeastern Local,226 Clifton Rd,South Charleston,OH,45368,9602,(888) 627-6745
3905079,50799,Southern Hills,9193 Hamer Rd,Georgetown,OH,45121,9472,(937) 378-6131
3904853,48538,Southern Local,920 Elm St,Racine,OH,45771,8902,(740) 949-2661
3904906,49064,Southern Local,10397 State Route 155 SE # 1,Corning,OH,43730,9710,(740) 394-2402
3904644,46441,Southern Local,38095 State Route 39,Salineville,OH,43945,9726,(330) 679-2343
3901501,13233,Southern Ohio Academy,522 Glenwood Ave,Lucasville,OH,45662,5505,(740) 259-6843
3905023,50237,Southington Local,2482 State Route 534,Southington,OH,44470,9524,(330) 898-7480
3901427,12105,Southside Academy,1833 Market St,Youngstown,OH,44507,1137,(330) 742-9090
3900234,149336,Southwest Licking Digital Acad,927-A,Pataskala,OH,43062,,(740) 927-3941
3904804,48041,Southwest Licking Local,927-A South Street,Pataskala,OH,43062,,(740) 927-3941
3904738,47381,Southwest Local,230 S Elm St,Harrison,OH,45030,1444,(513) 367-4139
3904480,44800,South-Western City,3805 Marlane Dr,Grove City,OH,43123,9224,(614) 801-3000
3904580,45807,Spencerville Local,600 School St,Spencerville,OH,45887,1293,(419) 647-4111
3905042,50427,Springboro Community City,1685 S Main St,Springboro,OH,45066,1524,(937) 748-3960
3900099,132787,Springfield Academy of Excellence,623 S Center St,Springfield,OH,45506,2209,(937) 325-0933
3904481,44818,Springfield City,1500 W Jefferson St,Springfield,OH,45506,1224,(937) 505-2800
3904837,48371,Springfield Local,PO Box 549,New Middletown,OH,44442,549,(330) 542-2929
3904822,48223,Springfield Local,6900 Hall St,Holland,OH,43528,9485,(419) 867-5600
3905006,50062,Springfield Local,2410 Massillon Rd,Akron,OH,44312,4258,(330) 798-1111
3900551,510,Springfield Preparatory and Fitness Academy,1615 Selma Rd,Springfield,OH,45505,4245,(937) 323-6250
3905153,51532,Springfield-Clark County,1901 Selma Rd,Springfield,OH,45505,4239,(937) 325-7368
3904471,44719,St Bernard-Elmwood Place City,105 Washington Ave,Saint Bernard,OH,45217,1317,(513) 482-7121
3904599,45997,St Clairsville-Richland City,108 Woodrow Ave,Saint Clairsville,OH,43950,1567,(740) 695-1624
3904858,48587,St Henry Consolidated Local,391 E Columbus St,Saint Henry,OH,45883,9574,(419) 678-4834
3904472,44727,St Marys City,100 W Spring St,Saint Marys,OH,45885,2312,(419) 394-4312
3900467,855,Stambaugh Charter Academy,2420 Donald Ave,Youngstown,OH,44509,1306,(330) 792-4806
3901298,9171,Star Academy of Toledo,5025 Glendale Ave,Toledo,OH,43614,1855,(419) 720-6330
3906202,62026,Stark County Area,2800 Richville Dr SE,Massillon,OH,44646,9480,(330) 832-1591
3901540,14132,STEAM Academy of  Cincinnati,6000 Murray Ave,Cincinnati,OH,45227,2973,(513) 221-1810
3901454,12627,STEAM Academy of Akron,1350 Virginia Ave,Akron,OH,44306,3603,(330) 773-1100
3901471,13146,STEAM Academy of Dayton,545 Odlin Ave,Dayton,OH,45405,2743,(937) 262-7063
3901434,12644,STEAM Academy of Warren,261 Elm Rd NE,Warren,OH,44483,5003,(330) 394-3200
3901482,13147,STEAM Academy of Warrensville Heights,4700 Richmond Rd Ste 3000,Warrensville Heights,OH,44128,5984,(216) 595-2866
3901567,14927,Steel Academy,1570 Creighton Ave,Akron,OH,44310,2656,(330) 687-0834
3901498,13148,Stepstone Academy,2121 E 32nd St,Cleveland,OH,44115,2747,(877) 644-6338
3904482,44826,Steubenville City,PO Box 189,Steubenville,OH,43952,5189,(740) 283-3767
3901571,,Stonebrook Montessori,975 East Blvd,Cleveland,OH,44108,2970,(877) 644-6338
3904483,44834,Stow-Munroe Falls City School District,4350 Allen Rd,Stow,OH,44224,1032,(330) 689-5445
3905029,50294,Strasburg-Franklin Local,140 N Bodmer Ave,Strasburg,OH,44680,1122,(330) 878-5571
3904923,49239,Streetsboro City,9000 Kirby Ln,Streetsboro,OH,44241,1725,(330) 626-4900
3904484,44842,Strongsville City,13200 Pearl Rd,Strongsville,OH,44136,3402,(440) 572-7000
3904485,44859,Struthers City,99 Euclid Ave,Struthers,OH,44471,1831,(330) 750-1061
3905065,50658,Stryker Local,400 S Defiance St,Stryker,OH,43557,9307,(419) 682-6961
3901344,9953,Sullivant Avenue Community School,3435 Sullivant Ave,Columbus,OH,43204,1103,(614) 308-5991
3900038,133587,Summit Academy Akron Elementary School,2503 Leland Ave,Akron,OH,44312,2426,(330) 253-7441
3900098,132779,Summit Academy Akron Middle School,2791 Mogadore Rd,Akron,OH,44312,1504,(330) 252-1510
3900344,616,Summit Academy Alternative LearnersWarren Middle & Secondary,1461 Moncrest Dr NW,Warren,OH,44485,1928,(330) 399-1692
3900501,306,Summit Academy Community School - Cincinnati,1660 Sternblock Ln,Cincinnati,OH,45237,3805,(513) 321-0561
3900493,297,Summit Academy Community School - Dayton,4128 Cedar Ridge Rd,Dayton,OH,45414,3908,(937) 278-4298
3900356,629,Summit Academy Community School - Painesville,268 N State St,Painesville,OH,44077,4009,(440) 358-0877
3900097,132761,Summit Academy Community School Alternative Learners -Xenia,1694 Pawnee Dr,Xenia,OH,45385,4126,(937) 372-5210
3900109,133322,Summit Academy Community School Alternative Learners-Lorain,2140 E 36th St,Lorain,OH,44055,2756,(440) 277-4110
3900071,133306,Summit Academy Community School for Alternative Learn-Canton,1620 Market Ave S,Canton,OH,44707,3778,(330) 458-0393
3900492,296,Summit Academy Community School-Columbus,2521 Fairwood Ave Ste 100,Columbus,OH,43207,2712,(614) 237-5497
3900497,302,Summit Academy Community School-Parma,5868 Stumph Rd,Parma,OH,44130,1736,(440) 888-5407
3900499,304,Summit Academy Community School-Toledo,1853 South Ave,Toledo,OH,43609,2086,(419) 385-5730
3900500,305,Summit Academy Community School-Warren,2106 Arbor Ave SE,Warren,OH,44484,5225,(330) 369-4233
3900339,610,Summit Academy Middle School - Columbus,2521 Fairwood Ave Ste 200,Columbus,OH,43207,2712,(614) 237-5497
3900338,609,Summit Academy Middle School - Lorain,346 Illinois Ave,Lorain,OH,44052,2106,(440) 288-0448
3900494,298,Summit Academy Secondary - Akron,464 S Hawkins Ave,Akron,OH,44320,1228,(330) 434-2343
3900495,300,Summit Academy Secondary - Canton,2400 Cleveland Ave NW,Canton,OH,44709,3613,(877) 644-6338
3900496,301,Summit Academy Secondary - Lorain,1051 E St,Lorain,OH,44052,2134,(440) 288-0448
3900498,303,Summit Academy Secondary - Youngstown,1400 Oak Hill Ave,Youngstown,OH,44507,1018,(330) 747-0950
3900361,634,Summit Academy Secondary School - Middletown,7 S Marshall Rd,Middletown,OH,45044,5375,(513) 420-9767
3900360,633,Summit Academy Toledo Learning Center,5115 Glendale Ave Ste N,Toledo,OH,43614,1801,(419) 476-7859
3900348,621,Summit Academy Transition High School Dayton,251 Erdiel Dr,Dayton,OH,45415,3632,(937) 223-3154
3900337,608,Summit Academy Transition High School-Cincinnati,5800 Salvia Ave,Cincinnati,OH,45224,3029,(513) 541-4000
3900342,614,Summit Academy Transition High School-Columbus,1855 E Dublin-Granville Rd,Columbus,OH,43229,3516,(614) 880-0714
3900350,623,Summit Academy-Youngstown,144 N Schenley Ave,Youngstown,OH,44509,2041,(330) 259-0421
3900096,132746,Summit Acdy Comm Schl for Alternative Learners of Middletown,4700 Central Ave,Middletown,OH,45044,5354,(513) 422-8540
3901475,13175,SunBridge Schools,2105 N McCord Rd,Toledo,OH,43615,3032,(419) 725-5437
3904709,47092,Swanton Local,108 N Main St,Swanton,OH,43558,1032,(419) 826-7085
3904865,48652,Switzerland of Ohio Local,304 Mill St,Woodsfield,OH,43793,1256,(740) 472-5801
3904486,44867,Sycamore Community City,5959 Hagewa Dr,Blue Ash,OH,45242,6240,(513) 686-1700
3904487,44875,Sylvania City,4747 N Holland Sylvania Rd,Sylvania,OH,43560,2116,(419) 824-8501
3904796,47969,Symmes Valley Local,14778 State Route 141,Willow Wood,OH,45696,9015,(740) 643-2451
3900072,133330,T.C.P. World Academy,6000 Ridge Ave,Cincinnati,OH,45213,1624,(513) 531-9500
3901568,14904,T2 Honors Academy,18450 S Miles Rd,Warrensville Heights,OH,44128,4236,(877) 644-6338
3904615,46151,Talawanda City,131 W Chestnut St,Oxford,OH,45056,2619,(513) 273-3333
3904488,44883,Tallmadge City,486 East Ave,Tallmadge,OH,44278,2000,(330) 633-3291
3904909,49098,Teays Valley Local,385 Viking Way,Ashville,OH,43103,9638,(740) 983-5000
3904624,46243,Tecumseh Local,9760 W National Rd,New Carlisle,OH,45344,9290,(937) 845-3576
3901433,12528,The Academy for Urban Scholars,1808 E Broad St,Columbus,OH,43203,2003,(614) 545-9890
3901413,12041,The Arch Academy,640 Harrisburg Pike,Columbus,OH,43223,2112,(614) 299-9802
3900117,143297,The Autism Academy Of Learning,219 Page St,Toledo,OH,43620,1430,(419) 865-7487
3901468,13082,The Haley School,4901 Galaxy Pkwy Ste A,Warrensville Heights,OH,44128,5948,(216) 591-9190
3901517,14130,The Next Frontier Academy,1127 Copley Rd,Akron,OH,44320,2709,(877) 644-6338
3904739,47399,Three Rivers Local,401 N Miami Ave,Cleves,OH,45002,1024,(877) 644-6338
3901409,12036,Thurgood Marshall High School,3167 Fulton Rd Ste 209,Cleveland,OH,44109,1465,(216) 961-9813
3904489,44891,Tiffin City,244 S Monroe St,Tiffin,OH,44883,2906,(419) 447-2515
3904561,45617,Tipp City Exempted Village,90 S Tippecanoe Dr,Tipp City,OH,45371,1139,(937) 667-8444
3904490,44909,Toledo City,420 E Manhattan Blvd,Toledo,OH,43608,1200,(419) 671-8282
3900573,951,Toledo Preparatory and Fitness Academy,3001 Hill Ave,Toledo,OH,43607,2932,(419) 535-3700
3900056,133942,Toledo School For The Arts,333 14th St,Toledo,OH,43604,5459,(419) 246-8732
3901563,14864,Toledo SMART Elementary School,1850 Airport Hwy,Toledo,OH,43609,2069,(419) 214-3290
3906351,63511,Tolles Career & Technical Center,7877 Us Highway 42 S,Plain City,OH,43064,8854,(614) 873-4666
3900145,148981,Tomorrow Center,PO Box 216,Edison,OH,43320,216,(419) 946-1900
3904491,44917,Toronto City,1307 Dennis Way,Toronto,OH,43964,1952,(740) 537-2456
3901450,12867,Townsend North Community School,305 S Washington St,Castalia,OH,44824,9263,(419) 684-5402
3900053,133868,Towpath Trail High School,275 W Market St,Akron,OH,44303,2159,(234) 542-0102
3900118,143305,Treca Digital Academy,100 Executive Dr,Marion,OH,43302,6306,(740) 389-4798
3901577,,Tri State Early College STEM School,216 Collins Ave,South,OH,45680,8501,(877) 644-6338
3904620,46201,Triad Local,7920 Brush Lake Rd,North Lewisburg,OH,43060,9617,(937) 826-4961
3905160,51607,Tri-County Career Center,15676 State Route 691,Nelsonville,OH,45764,9681,(740) 753-3511
3904926,91397,Tri-County North Local,PO Box 40,Lewisburg,OH,45338,40,(937) 962-2671
3904592,45922,Trimble Local,1 Tomcat Dr,Glouster,OH,45732,9335,(877) 644-6338
3906526,65268,Tri-Rivers,2222 Marion Mount Gilead Rd,Marion,OH,43302,8914,(740) 389-4681
3904887,48876,Tri-Valley Local,36 E Muskingum Ave,Dresden,OH,43821,9701,(740) 754-1442
3904668,46680,Tri-Village Local,315 S Main St,New Madison,OH,45346,9797,(937) 996-6261
3905059,50591,Triway Local,3205 Shreve Rd,Wooster,OH,44691,4439,(330) 264-9491
3900193,143206,Trotwood Fitness & Prep Acad,3100 Shiloh Springs Rd,Trotwood,OH,45426,2247,(937) 854-4100
3904869,48694,Trotwood-Madison City,3594 N Snyder Rd,Trotwood,OH,45426,3835,(937) 854-3050
3904492,44925,Troy City,500 N Market St,Troy,OH,45373,1418,(937) 332-6700
3905163,51631,Trumbull Career & Tech Ctr,528 Educational Hwy NW,Warren,OH,44483,1954,(330) 847-0503
3905030,50302,Tuscarawas Valley Local,2637 Tuscarawas Valley Rd NE,Zoarville,OH,44656,9692,(330) 859-2213
3904995,49957,Tuslaw Local,1835 Manchester Ave NW,Massillon,OH,44647,9623,(330) 837-7813
3904900,49296,Twin Valley Community Local,100 Education Dr,West Alexandria,OH,45381,1184,(937) 839-4688
3905007,50070,Twinsburg City,11136 Ravenna Rd,Twinsburg,OH,44087,1022,(330) 486-2000
3906280,62802,U S Grant,718 W Plane St,Bethel,OH,45106,8356,(513) 734-6222
3904601,46011,Union Local,66779 Belmont Morristown Rd,Belmont,OH,43718,9568,(740) 782-1978
3904953,49536,Union-Scioto Local,1565 Egypt Pike,Chillicothe,OH,45601,3974,(740) 773-4102
3904645,46458,United Local,8143 State Route 9,Hanoverton,OH,44423,8618,(330) 223-1521
3901529,14467,United Preparatory Academy,300 Dana Ave,Columbus,OH,43223,1310,(877) 644-6338
3901556,14063,University Academy,107 S Arlington St,Akron,OH,44306,1328,(330) 535-7728
3901457,12541,University of Cleveland Preparatory School,1906 E 40th St,Cleveland,OH,44103,3557,(877) 644-6338
3904493,44933,Upper Arlington City,1950 N Mallway Dr,Upper Arlington,OH,43221,4398,(614) 487-5000
3910024,45625,Upper Sandusky Exempted Village,800 N Sandusky Ave,Upper Sandusky,OH,43351,1032,(419) 294-2307
3904752,47522,Upper Scioto Valley Local,PO Box 305,McGuffey,OH,45859,305,(419) 757-3231
3906212,62125,Upper Valley Career Center,8811 Career Dr,Piqua,OH,45356,9237,(937) 778-1980
3904494,44941,Urbana City,711 Wood St,Urbana,OH,43078,1498,(937) 653-1402
3900153,149062,Urbana Community School,711 Wood St,Urbana,OH,43078,1498,(937) 653-1402
3901566,14830,Utica Shale Academy of Ohio,38095 State Route 39,Salineville,OH,43945,9726,(877) 644-6338
3901573,,Utica Shale Academy-Belmont,210 W Church St,Barnesville,OH,43713,1069,(740) 425-3615
3904964,49643,Valley Local,1821 State Route 728,Lucasville,OH,45648,8510,(740) 259-3115
3901565,14943,Valley STEM+ME2 Academy,100 Debartolo Pl,,OH,44512,7011,(877) 644-6338
3904874,48744,Valley View Local,59 Peffley St,Germantown,OH,45327,1021,(937) 855-6581
3910001,47464,Van Buren Local,217 S Main St,Van Buren,OH,45889,9720,(419) 299-3578
3910023,44966,Van Wert City,205 W Crawford St,Van Wert,OH,45891,1903,(419) 238-0648
3904495,44958,Vandalia-Butler City,306 S Dixie Dr,Vandalia,OH,45377,2128,(937) 415-6400
3905145,51458,Vanguard-Sentinel Career & Technology Centers,1306 Cedar St,Fremont,OH,43420,1127,(419) 332-2626
3904747,47472,Vanlue Local,PO Box 250,Vanlue,OH,45890,250,(419) 387-7724
3905167,51672,Vantage Career Center,818 N Franklin St,Van Wert,OH,45891,1304,(419) 238-5411
3904682,46821,Vermilion Local,1250 Sanford St,Vermilion,OH,44089,1577,(440) 204-1700
3904563,45633,Versailles Exempted Village,PO Box 313,Versailles,OH,45380,313,(937) 526-4773
3901368,11291,Village Preparatory School,1415 E 36th St Fl 2,Cleveland,OH,44114,4116,(216) 456-2070
3901505,13034,Village Preparatory School:: Woodland Hills Campus,9201 Crane Ave,Cleveland,OH,44105,1627,(216) 298-1164
3900572,949,Villaview Community School,1701 E 12th St,Cleveland,OH,44114,3236,(216) 523-1133
3905039,50393,Vinton County Local,307 W High St,Mc Arthur,OH,45651,1093,(740) 596-5218
3900217,143537,Virtual Community School Of Ohio,340 Waggoner Rd,Reynoldsburg,OH,43068,9707,(614) 501-9473
3900311,564,"Virtual Schoolhouse, Inc.",736 Lakeview Rd,Cleveland,OH,44108,2608,(216) 541-2048
3910029,44974,Wadsworth City,524 Broad St,Wadsworth,OH,44281,2306,(330) 336-3571
3904690,46904,Walnut Township Local,11850 Lancaster St,Millersport,OH,43046,,(740) 467-2802
3904498,44982,Wapakoneta City,1102 Gardenia Dr,Wapakoneta,OH,45895,1063,(419) 739-2900
3904499,44990,Warren City,105 High Street,Warren,OH,44481,,(330) 841-2321
3905147,51474,Warren County Vocational School,3525 N State Route 48,Lebanon,OH,45036,1038,(513) 932-5677
3910018,50500,Warren Local,220 Sweetapple Rd,Vincent,OH,45784,5005,(740) 678-2366
3904500,45005,Warrensville Heights City,4500 Warrensville Center Rd,Warrensville Heights,OH,44128,4134,(216) 295-7710
3905169,51698,Washington County Career Center,21740 State Route 676,Marietta,OH,45750,,(740) 373-2766
3910011,45013,Washington Court House City,306 Highland Ave,Washington Court Hou,OH,43160,1819,(740) 335-6620
3904823,48231,Washington Local,3505 W Lincolnshire Blvd,Toledo,OH,43606,1231,(419) 473-8220
3900107,133280,Washington Park Community School,4000 Washington Park Blvd,Newburgh Heights,OH,44105,3248,(216) 271-6055
3904965,49650,Washington-Nile Local,15332 Us Highway 52,West Portsmouth,OH,45663,9093,(740) 858-1111
3904924,49247,Waterloo Local,1464 Industry Rd,Atwater,OH,44201,9349,(330) 947-2664
3901542,14194,Watkins Academy,24 N Jefferson St,Dayton,OH,45402,2018,(937) 220-9100
3904564,45641,Wauseon Exempted Village,126 S Fulton St,Wauseon,OH,43567,1350,(419) 335-6616
3904914,49148,Waverly City,1 Tiger Dr,Waverly,OH,45690,8704,(740) 947-4770
3905171,51714,Wayne County JVSD,518 W Prospect St,Smithville,OH,44677,9672,(330) 669-7000
3905046,50468,Wayne Local,659 Dayton Rd,Waynesville,OH,45068,9588,(513) 897-6971
3904903,49031,Wayne Trace Local,4915 US Route 127,Haviland,OH,45851,9738,(419) 263-2415
3904597,45971,Waynesfield-Goshen Local,500 N Westminster St,Waynesfield,OH,45896,9448,(419) 568-9100
3905025,50252,Weathersfield Local,1334 Seaborn St,Mineral Ridge,OH,44440,9571,(330) 652-0287
3904565,45658,Wellington Exempted Village,201 S Main St,Wellington,OH,44090,1345,(440) 647-4286
3904502,45021,Wellston City,1 E Broadway St,Wellston,OH,45692,1225,(740) 384-2152
3904503,45039,Wellsville Local,929 Center St,Wellsville,OH,43968,1423,(330) 532-2643
3904838,48389,West Branch Local,14277 S Main St,Beloit,OH,44609,9504,(330) 938-9324
3904505,45054,West Carrollton City,430 E Pease Ave,West Carrollton,OH,45449,1357,(937) 859-5121
3901476,13059,West Carrollton Secondary Academy,3400 W Alex Bell Rd,West,OH,45449,2819,(877) 644-6338
3900276,151175,West Central Learning Academy II,522 W North St,Lima,OH,45801,4215,(419) 227-9252
3904635,46359,West Clermont Local,4350 Aicholtz Rd,Cincinnati,OH,45245,1505,(513) 943-5000
3904722,47225,West Geauga Local,8615 Cedar Rd,Chesterland,OH,44026,3519,(440) 729-5900
3904769,47696,West Holmes Local,28 W Jackson St,Millersburg,OH,44654,1302,(330) 674-3546
3904621,46219,West Liberty-Salem Local,7208 US Highway 68 N,West Liberty,OH,43357,9663,(937) 465-1075
3904888,48884,West Muskingum Local,4880 West Pike,Zanesville,OH,43701,9390,(740) 455-4052
3901514,14189,West Park Academy,12913 Bennington Ave,Cleveland,OH,44135,3761,(216) 251-5450
3900119,143313,West Preparatory Academy,13111 Crossburn Ave,Cleveland,OH,44135,5017,(216) 772-1340
3904606,46060,Western Brown Local,524 W Main St,Mount Orab,OH,45154,8262,(937) 444-2044
3904915,49155,Western Local,PO Box 130,Latham,OH,45646,130,(740) 493-3113
3904839,48397,Western Reserve Local,13850 W Akron Canfield Rd,Berlin Center,OH,44401,9752,(330) 547-4100
3904774,47746,Western Reserve Local,3765 US Rt 20,Collins,OH,44826,,(419) 660-8508
3904504,45047,Westerville City,936 Eastwind Dr Ste 200,Westerville,OH,43081,3319,(614) 797-5700
3904910,49106,Westfall Local,19463 Pherson Pike,Williamsport,OH,43164,9745,(740) 986-3671
3904506,45062,Westlake City,27200 Hilliard Blvd,Westlake,OH,44145,3049,(440) 871-7300
3900474,875,Westside Academy,4330 Clime Rd North,Columbus,OH,43228,3439,(614) 272-9392
3904966,49668,Wheelersburg Local,PO Box 340,Wheelersburg,OH,45694,340,(740) 574-8484
3904507,45070,Whitehall City,625 S Yearling Rd,Whitehall,OH,43213,2861,(614) 417-5000
3900550,509,Whitehall Preparatory and Fitness Academy,3474 E Livingston Ave,Columbus,OH,43227,2279,(614) 324-4585
3904508,45088,Wickliffe City,2221 Rockefeller Rd,Wickliffe,OH,44092,2020,(440) 943-6900
3900138,222,Wildwood Environmental Academy,1546 Dartford Rd,Maumee,OH,43537,1374,(419) 868-9885
3904509,45096,Willard City,110 S Myrtle Ave,Willard,OH,44890,1425,(419) 935-1541
3904636,46367,Williamsburg Local,549A W Main St,Williamsburg,OH,45176,1110,(513) 724-3077
3904510,45104,Willoughby-Eastlake City,37047 Ridge Rd,Willoughby,OH,44094,4130,(440) 946-5000
3904511,45112,Wilmington City,341 S Nelson Ave,Wilmington,OH,45177,2034,(937) 382-1641
3904566,45666,Windham Exempted Village,9530 Bauer Ave,Windham,OH,44288,1004,(330) 326-2711
3900302,546,Winterfield Venture Academy,305 Wenz Rd,Toledo,OH,43615,6244,(419) 531-3285
3901524,14064,Winton Preparatory Academy,4750 Winton Rd,Cincinnati,OH,45232,1501,(513) 276-4166
3904408,44081,Winton Woods City,1215 W Kemper Rd,Cincinnati,OH,45240,1617,(513) 619-2300
3905051,50518,Wolf Creek Local,PO Box 67,Waterford,OH,45786,67,(740) 984-2373
3901441,12557,Woodland Academy,10615 Lamontier Ave,Cleveland,OH,44104,4847,(216) 721-6909
3904957,49577,Woodmore Local,349 Rice St,Elmore,OH,43416,9404,(419) 862-1060
3904997,49973,Woodridge Local,4411 Quick Rd,Peninsula,OH,44264,9706,(330) 928-9074
3910032,45120,Wooster City,144 N Market St,Wooster,OH,44691,4810,(330) 264-0869
3904513,45138,Worthington City,200 E Wilson Bridge Rd,Worthington,OH,43085,2332,(614) 450-6000
3904652,46524,Wynford Local,3288 Holmes Center Rd,Bucyrus,OH,44820,9463,(419) 562-7828
3904514,45146,Wyoming City,420 Springfield Pike,Wyoming,OH,45215,4298,(513) 206-7000
3904515,45153,Xenia Community City,819 Colorado Dr,Xenia,OH,45385,4859,(937) 376-2961
3904567,45674,Yellow Springs Exempted Village,201 S Walnut St,Yellow Springs,OH,45387,1805,(937) 767-7381
3901504,13174,Young Scholars Prep School,1533 Cleveland Ave,Columbus,OH,43211,2743,(877) 644-6338
3900580,7984,Youngstown Academy of Excellence,1408 Rigby St,Youngstown,OH,44506,1617,(330) 746-3970
3904516,45161,Youngstown City Schools,PO Box 550,Youngstown,OH,44501,550,(330) 744-6915
3900017,134072,Youngstown Community School,50 Essex St,Youngstown,OH,44502,1838,(330) 746-2240
3900104,132985,Youthbuild Columbus Community,1183 Essex Ave,Columbus,OH,43201,2925,(614) 291-0805
3904954,49544,Zane Trace Local,946 State Route 180,Chillicothe,OH,45601,8141,(740) 775-1355
3904517,45179,Zanesville City,160 N 4th St,Zanesville,OH,43701,3518,(740) 454-9751
3901314,9148,Zanesville Community School,968 Pine St,Zanesville,OH,43701,5362,(740) 588-5685
3900396,725,Zenith Academy,8210 Havens Rd,Columbus,OH,43004,8630,(614) 419-6753
3901396,12009,Zenith Academy East,2261 S Hamilton Rd,Columbus,OH,43232,4301,(614) 577-0999
3901576,,Zenith Academy West,3385 South Blvd,Columbus,OH,43204,1213,(614) 272-6300
